id,question,answer,book,page,creator
01-01-2001,?붿옄???꾨줈?몄뒪 以?湲고쉷 ?④퀎?먯꽌 ?섏쭛???뺣낫瑜?諛뷀깢?쇰줈 ?붿옄?몄쓽 湲곕낯 諛⑺뼢???ㅼ젙?섎뒗 ?④퀎瑜?臾댁뾿?대씪 ?섎뒗媛?,湲곕낯 怨꾪쉷,1.?ㅻ궡?붿옄???먮즺議곗궗遺꾩꽍,"P.10, 27, 30",Rocky
01-01-2002,?대씪?댁뼵??諛??ъ슜?먯쓽 ?붽뎄?ы빆???뚯븙?섍린 ?꾪빐 吏곸젒 ?쇨뎬??留욌?怨?吏덉쓽?묐떟??吏꾪뻾?섎뒗 議곗궗 諛⑸쾿??,?명꽣酉?1.?ㅻ궡?붿옄???먮즺議곗궗遺꾩꽍,1.?ㅻ궡?붿옄???먮즺議곗궗遺꾩꽍,P.38,Rocky
01-01-2003,?ъ슜?먯쓽 ?됰룞 ?⑦꽩?대굹 怨듦컙 ?댁슜 ?ㅽ깭瑜??뚯븙?섍린 ?꾪빐 議곗궗?먭? 吏곸젒 ?꾩옣?먯꽌 吏耳쒕낫硫?湲곕줉?섎뒗 諛⑸쾿??,愿李?議곗궗,1.?ㅻ궡?붿옄???먮즺議곗궗遺꾩꽍,"P.31, 38, 43",Rocky
01-01-2004,遺덊듅???ㅼ닔??留롮? ?몄썝????곸쑝濡??쒖??붾맂 吏덈Ц吏瑜?諛고룷?섏뿬 ?듦퀎?곸씤 ?곗씠?곕? ?삳뒗 議곗궗 諛⑸쾿??,?ㅻЦ 議곗궗,1.?ㅻ궡?붿옄???먮즺議곗궗遺꾩꽍,"P.31, 34, 53",Rocky
01-01-2005,湲곗〈???좎궗???곗닔 ?щ???寃쎌웳 ?낆껜???붿옄?몄쓣 議곗궗?섏뿬 鍮꾧탳 遺꾩꽍?섎뒗 寃껋쓣 臾댁뾿?대씪 ?섎뒗媛?,踰ㅼ튂留덊궧,1.?ㅻ궡?붿옄???먮즺議곗궗遺꾩꽍,"P.19, 28",Rocky
01-01-2006,"???怨듦컙??臾쇰━???섍꼍???뚯븙?섍린 ?꾪빐 ?꾩옣??諛⑸Ц?섏뿬 移섏닔, ?뺥깭, ?ㅻ퉬 ?깆쓣 ?뺤씤?섎뒗 ?쒕룞??",?꾩옣 議곗궗,1.?ㅻ궡?붿옄???먮즺議곗궗遺꾩꽍,"P.11, 12, 45",Rocky
01-01-2007,?꾩옣 ?ㅼ륫 ??踰쎌껜 ?ъ씠??嫄곕━??泥쒖옣 ?믪씠 ?깆쓣 ?뺣??섍쾶 痢≪젙?섍린 ?꾪빐 ?ъ슜?섎뒗 ?붿???怨꾩륫 ?λ퉬??,?덉씠? 嫄곕━ 痢≪젙湲?1.?ㅻ궡?붿옄???먮즺議곗궗遺꾩꽍,1.?ㅻ궡?붿옄???먮즺議곗궗遺꾩꽍,P.47,Rocky
01-01-2008,"?꾨줈?앺듃??媛뺤젏(Strength), ?쎌젏(Weakness), 湲고쉶(Opportunity), ?꾪삊(Threat) ?붿씤??遺꾩꽍?섏뿬 ?꾨왂???섎┰?섎뒗 湲곕쾿??",SWOT 遺꾩꽍,1.?ㅻ궡?붿옄???먮즺議곗궗遺꾩꽍,"P.25, 28",Rocky
01-01-2009,"?붿옄??肄섏뀎?몃? ?쒓컖?곸쑝濡?援ъ껜?뷀븯湲??꾪빐 ?대?吏, 留덇컧???섑뵆, ?됱긽???깆쓣 ???먯뿉 紐⑥븘 援ъ꽦??寃껋??",臾대뱶 蹂대뱶,1.?ㅻ궡?붿옄???먮즺議곗궗遺꾩꽍,"P.68,75",Rocky
01-01-2010,怨듦컙??湲곕뒫??愿怨꾨? ?먯씠??湲고샇濡??쒖떆?섏뿬 ?숈꽑怨?怨듦컙 援ъ꽦??媛쒕왂?곸쑝濡?蹂댁뿬二쇰뒗 ?ㅼ씠?닿렇?⑥??,踰꾨툝 ?ㅼ씠?닿렇??1.?ㅻ궡?붿옄???먮즺議곗궗遺꾩꽍,1.?ㅻ궡?붿옄???먮즺議곗궗遺꾩꽍,"P.74,79",Rocky
01-01-2011,?쒕줈 ?ㅻⅨ 怨듦컙?대굹 湲곕뒫 媛꾩쓽 ?곌????몄젒????留ㅽ듃由?뒪 ?뺥깭濡?遺꾩꽍?섏뿬 ?쒓린???ㅼ씠?닿렇?⑥??,留ㅽ듃由?뒪 ?ㅼ씠?닿렇??1.?ㅻ궡?붿옄???먮즺議곗궗遺꾩꽍,1.?ㅻ궡?붿옄???먮즺議곗궗遺꾩꽍,P.74,Rocky
01-01-2012,?ㅻ궡 怨듦컙?먯꽌 ?щ엺?대굹 臾쇨굔???吏곸씠???먯랬??寃쎈줈瑜??좎쑝濡??섑???寃껋??,?숈꽑,1.?ㅻ궡?붿옄???먮즺議곗궗遺꾩꽍,"P.13, 38, 71",Rocky
01-01-2013,怨듦컙??湲곕뒫蹂? ?깃꺽蹂꾨줈 援ы쉷?섏뿬 諛곗튂?섎뒗 怨꾪쉷 怨쇱젙??臾댁뾿?대씪 ?섎뒗媛?,議곕떇,1.?ㅻ궡?붿옄???먮즺議곗궗遺꾩꽍,"P.13, 71",Rocky
01-01-2014,?멸컙???좎껜???뱀꽦怨?移섏닔瑜?痢≪젙?섏뿬 ?붿옄?몄뿉 ?곸슜?섍린 ?꾪븳 ?숇Ц 遺꾩빞?? ( 怨듯븰),?멸컙怨듯븰,1.?ㅻ궡?붿옄???먮즺議곗궗遺꾩꽍,"P.13, 71",Rocky
01-01-2015,?먮뱶?뚮뱶 ?(E.T. Hall)???쒖떆?????嫄곕━ 以? 媛議깆씠???곗씤 ??移쒕???愿怨꾩뿉???덉슜?섎뒗 嫄곕━(0~46cm)??,移쒕???嫄곕━,1.?ㅻ궡?붿옄???먮즺議곗궗遺꾩꽍,P.72,Rocky
01-01-2016,"?ㅻ궡 ?붿옄??愿??踰뺢퇋 以?嫄댁텞臾쇱쓽 ?⑸룄, 援ъ“, ?쇰궃, 諛⑺솕 ?깆뿉 愿???쇰컲?곸씤 湲곗????뺥븳 媛???곸쐞 踰뺣졊??",嫄댁텞踰?1.?ㅻ궡?붿옄???먮즺議곗궗遺꾩꽍,1.?ㅻ궡?붿옄???먮즺議곗궗遺꾩꽍,"P.13, 16",Rocky
01-01-2017,?붿옱 ???덉쟾???꾪빐 ?ㅽ봽留곹겢?? 媛먯?湲? ?좊룄???깆쓽 ?ㅼ튂 湲곗???洹쒖젙??踰뺣쪧?? (?쎌묶 媛??,?뚮갑?쒖꽕踰?1.?ㅻ궡?붿옄???먮즺議곗궗遺꾩꽍,1.?ㅻ궡?붿옄???먮즺議곗궗遺꾩꽍,P.13,Rocky
01-01-2018,"?μ븷?? ?몄씤, ?꾩궛遺 ?깆씠 ?쒖꽕???덉쟾?섍퀬 ?몃━?섍쾶 ?댁슜?????덈룄濡?蹂댁옣?섎뒗 踰뺣쪧???쎌묶??",?몄쓽利앹쭊踰?1.?ㅻ궡?붿옄???먮즺議곗궗遺꾩꽍,1.?ㅻ궡?붿옄???먮즺議곗궗遺꾩꽍,P.13,Rocky
01-01-2019,?ㅼ쨷?댁슜?낆냼?먯꽌 ?붿옱 諛쒖깮 ???곗냼 ?뺣?瑜?諛⑹??섍린 ?꾪빐 ?ㅻ궡 ?μ떇臾쇱뿉 ?붽뎄?섎뒗 ?깅뒫??,諛⑹뿼,1.?ㅻ궡?붿옄???먮즺議곗궗遺꾩꽍,"P.15, 17",Rocky
01-01-2020,?꾩옣 議곗궗 ??嫄대Ъ??諛⑺뼢(?숈꽌?⑤턿)???뺤씤?섏뿬 梨꾧킅怨??듯뭾 怨꾪쉷??諛섏쁺?섎뒗?? ?대? 臾댁뾿?대씪 ?섎뒗媛?,諛⑹쐞,1.?ㅻ궡?붿옄???먮즺議곗궗遺꾩꽍,P.50,Rocky
01-01-2021,?꾩옣?먯꽌 ?뺤씤?댁빞 ???ㅻ퉬 ?붿냼 以? ?ㅻ궡???⑥뒿??議곗젅 諛??섍린? 愿?⑤맂 ?ㅻ퉬?? (HVAC),怨듭“ ?ㅻ퉬,1.?ㅻ궡?붿옄???먮즺議곗궗遺꾩꽍,P.51,Rocky
01-01-2022,泥쒖옣 ?대???蹂?Beam)??諛곌? ?깆쑝濡??명빐 ?뺣낫 媛?ν븳 ?ㅼ젣 泥쒖옣 ?믪씠瑜?臾댁뾿?대씪 ?섎뒗媛?,痢듦퀬,1.?ㅻ궡?붿옄???먮즺議곗궗遺꾩꽍,P.51,Rocky
01-01-2023,"???怨듦컙 二쇰????좊룞 ?멸뎄, 援먰넻?? ?곴텒 ?뺤꽦 ?뺣룄 ?깆쓣 ?뚯븙?섎뒗 議곗궗瑜?臾댁뾿?대씪 ?섎뒗媛?",?낆? 遺꾩꽍,1.?ㅻ궡?붿옄???먮즺議곗궗遺꾩꽍,"P.11, 23",Rocky
01-01-2024,"?ъ슜?먯쓽 ?곕졊, ?깅퀎, 吏곸뾽, ?뚮뱷 ?섏?, 媛議?援ъ꽦 ?깆쓣 ?뚯븙?섎뒗 遺꾩꽍?? ( ?숈쟻 遺꾩꽍)",?멸뎄?듦퀎?숈쟻,1.?ㅻ궡?붿옄???먮즺議곗궗遺꾩꽍,P.32,Rocky
01-01-2025,"?쒕????먮쫫?대굹 ?좏뻾?섎뒗 ?ㅽ??? ?됱긽, ?뚯옱 ?깆쓽 寃쏀뼢???뚯븙?섎뒗 寃껋쓣 臾댁뾿?대씪 ?섎뒗媛?",?몃젋??遺꾩꽍,1.?ㅻ궡?붿옄???먮즺議곗궗遺꾩꽍,"P.19, 23",Rocky
01-01-2026,?먮즺 議곗궗 ?④퀎?먯꽌 ?섏쭛???ㅼ뼇???꾩씠?붿뼱???ㅼ썙?쒕? ?먯쑀濡?쾶 ?섏뿴?섍퀬 ?곌껐?섏뿬 ?앷컖???뺤옣?섎뒗 諛쒖긽踰뺤??,釉뚮젅?몄뒪?좊컢,1.?ㅻ궡?붿옄???먮즺議곗궗遺꾩꽍,P.77,Rocky
01-01-2027,怨듦컙???깃꺽??洹쒖젙?섍퀬 ?붿옄???꾨컲???대걣?닿????듭떖?곸씤 二쇱젣???ъ긽???삵븯???⑹뼱??,肄섏뀎??1.?ㅻ궡?붿옄???먮즺議곗궗遺꾩꽍,1.?ㅻ궡?붿옄???먮즺議곗궗遺꾩꽍,"P.10, 62",Rocky
01-01-2028,"?붿옄???꾧컻 ???됱콈 怨꾪쉷???꾪빐 二쇱“??Base), 蹂댁“??Sub), 媛뺤“??Accent) ?깆쓣 ?좎젙?섎뒗 ?묒뾽??",諛곗깋,1.?ㅻ궡?붿옄???먮즺議곗궗遺꾩꽍,P.69,Rocky
01-01-2029,?꾩옣 ?ㅼ륫 ?꾨㈃ ?묒꽦 ?? 湲곕뫁?대굹 踰쎌껜???꾩튂瑜?湲곗??쇰줈 ?쇨린 ?꾪빐 ?ㅼ젙?섎뒗 媛?곸쓽 ?좎??,以묒떖??1.?ㅻ궡?붿옄???먮즺議곗궗遺꾩꽍,1.?ㅻ궡?붿옄???먮즺議곗궗遺꾩꽍,P.54,Rocky
01-01-1930,?꾨㈃?먯꽌 ?ㅼ젣 ?ш린瑜?以꾩뿬???쒗쁽?섎뒗 鍮꾩쑉???삵븯???⑹뼱??,異뺤쿃,1.?ㅻ궡?붿옄???먮즺議곗궗遺꾩꽍,P.54,Rocky
01-01-1931,嫄댁텞臾쇱쓽 援ъ“泥?以?嫄대Ъ???섏쨷??寃щ뵒??踰쎌쑝濡? ?⑤?濡?泥좉굅?댁꽌?????섎뒗 踰쎌??,?대젰踰?1.?ㅻ궡?붿옄???먮즺議곗궗遺꾩꽍,1.?ㅻ궡?붿옄???먮즺議곗궗遺꾩꽍,P.50,Rocky
01-01-1932,諛섎?濡?怨듦컙 援ы쉷???꾪빐 ?ㅼ튂??踰쎌쑝濡? 泥좉굅媛 鍮꾧탳???먯쑀濡쒖슫 鍮꾨궡?λ꼍??議곗쟻議곕굹 寃쎈웾踰쎌껜 ?깆쑝濡??쒓났??寃껋?? (二쇰줈 '媛踰??대굹 '00踰??대씪 ??,移몃쭑?대꼍,1.?ㅻ궡?붿옄???먮즺議곗궗遺꾩꽍,P.50,Rocky
01-01-1933,李쎈Ц?대굹 臾몄씠 ?ㅼ튂?섎뒗 踰쎈㈃??媛쒓뎄遺 ?ш린? ?꾩튂瑜??뺤씤?섎뒗 議곗궗?? (0 議곗궗),媛쒓뎄遺,1.?ㅻ궡?붿옄???먮즺議곗궗遺꾩꽍,P.50,Rocky
01-01-1934,?꾩옣 議곗궗 ??諛붾떏???섑룊 ?곹깭??踰쎈㈃???섏쭅 ?곹깭瑜??뺤씤?섎뒗 寃껋쓣 臾댁뾿?대씪 ?섎뒗媛? (00 ?뺤씤),?덈꺼,1.?ㅻ궡?붿옄???먮즺議곗궗遺꾩꽍,P.51,Rocky
01-01-1935,?꾨줈?앺듃 吏꾪뻾 ???덉궛 踰붿쐞瑜??뚯븙?섍퀬 ?먯옱 諛??쒓났鍮꾩쓽 諛곕텇??怨꾪쉷?섎뒗 寃껋??,?덉궛 怨꾪쉷,1.?ㅻ궡?붿옄???먮즺議곗궗遺꾩꽍,P.83,Rocky
01-01-1936,"?붿옄???곴컧???산린 ?꾪빐 ?≪?, ?명꽣?? ?쒖쟻 ?깆뿉???섏쭛???쒓컖 ?먮즺瑜??듭묶?섎뒗 留먯??",?덊띁?곗뒪,1.?ㅻ궡?붿옄???먮즺議곗궗遺꾩꽍,P.20,Rocky
01-01-1937,"?섏쭛???먮즺瑜?諛뷀깢?쇰줈 ""?꾧?, ?몄젣, ?대뵒?? 臾댁뾿?? ?대뼸寃? ?? ?ъ슜?섎뒗吏瑜?遺꾩꽍?섎뒗 湲곕쾿??""",5W1H,1.?ㅻ궡?붿옄???먮즺議곗궗遺꾩꽍,P.24,Rocky
01-01-1938,"怨듦컙??遺꾩쐞湲곕? 寃곗젙吏볥뒗 ?붿냼 以?鍮쏆쓽 諛앷린, ?됱삩?? 議곕챸 諛⑹떇 ?깆쓣 怨꾪쉷?섎뒗 寃껋??",議곕챸 怨꾪쉷,1.?ㅻ궡?붿옄???먮즺議곗궗遺꾩꽍,P.70,Rocky
01-01-1939,?뱀젙 ?ъ슜?먯쓽 ?섎（ ?쇨낵???됰룞 ?먮쫫???쒓컙 ?쒖꽌?濡?遺꾩꽍?섏뿬 怨듦컙 ?붽뎄?ы빆???꾩텧?섎뒗 湲곕쾿?? (?쇱씠???뗢뿃 遺꾩꽍),?쇱씠???ㅽ???1.?ㅻ궡?붿옄???먮즺議곗궗遺꾩꽍,1.?ㅻ궡?붿옄???먮즺議곗궗遺꾩꽍,P.32,Rocky
01-01-1940,?먮즺 議곗궗 諛?遺꾩꽍 ?④퀎??理쒖쥌 ?곗텧臾쇰줈?? ?ν썑 ?붿옄?몄쓽 洹쇨굅媛 ?섎뒗 蹂닿퀬?쒕뒗?,湲고쉷 蹂닿퀬??1.?ㅻ궡?붿옄???먮즺議곗궗遺꾩꽍,1.?ㅻ궡?붿옄???먮즺議곗궗遺꾩꽍,P.83,Rocky
01-02-2001,?ㅻ궡?붿옄???꾨줈?몄뒪 以??ㅼ젣 ?붿옄?몄뿉 ?ㅼ뼱媛湲??? 紐⑺몴瑜??ㅼ젙?섍퀬 ?쒕컲 ?ы빆??寃?좏븯??怨꾪쉷???섎┰?섎뒗 ?④퀎瑜?臾댁뾿?대씪 ?섎뒗媛?,湲고쉷 (Programming),2.?ㅻ궡?붿옄??湲고쉷,"P.4, 23",Rocky
01-02-2002,"?대씪?댁뼵?몄쓽 ?붽뎄?ы빆, 怨듦컙??湲곕뒫, ?덉궛, ?쇱젙 ?깆쓣 醫낇빀?곸쑝濡??뺣━?섏뿬 ?붿옄?몄쓽 吏移⑥쑝濡??쇰뒗 臾몄꽌??",怨쇱뾽 吏?쒖꽌,2.?ㅻ궡?붿옄??湲고쉷,"P.8, 28",Rocky
01-02-2003,"湲고쉷 ?④퀎?먯꽌 ?꾨줈?앺듃???깊뙣瑜?醫뚯슦?섎뒗 ?듭떖 ?붿냼 3媛吏?? (Q, C, D)","QCD (Quality, Cost, Delivery)",2.?ㅻ궡?붿옄??湲고쉷,P.17,Rocky
01-02-2004,?꾨줈?앺듃 吏꾪뻾 ???꾩껜 ?낅Т瑜?愿由?媛?ν븳 ?묒? ?⑥쐞濡?遺꾪븷?섏뿬 怨꾩링?곸쑝濡?援ъ“?뷀븳 寃껋쓣 臾댁뾿?대씪 ?섎뒗媛? (WBS),WBS (?묒뾽遺꾪븷援ъ“),2.?ㅻ궡?붿옄??湲고쉷,P.18,Rocky
01-02-2005,怨듭젙 愿由?湲곕쾿 以?留됰?洹몃옒???뺥깭濡??묒뾽 ??ぉ怨??쒓컙???쒖떆?섏뿬 ?쇱젙 怨꾪쉷怨?吏꾩쿃?꾨? ?쒕늿??蹂????덈뒗 ?쒕뒗?,?≪꽑??(Gantt Chart),2.?ㅻ궡?붿옄??湲고쉷,P.55,Rocky
01-02-2006,?묒뾽???좏썑 愿怨꾩? ?뚯슂 ?쒓컙???ㅽ듃?뚰겕(?붿궡?쒖? ?몃뱶)濡??쒖떆?섏뿬 蹂듭옟??怨듭궗瑜?愿由ы븯??湲곕쾿?? (PERT/OOO),CPM (Network),2.?ㅻ궡?붿옄??湲고쉷,P.56,Rocky
01-02-2007,?ㅽ듃?뚰겕 怨듭젙?쒖뿉???묒뾽???ъ쑀 ?쒓컙??'0'??寃쎈줈濡? ?꾩껜 怨듭궗 湲곌컙??寃곗젙吏볥뒗 媛??湲?寃쎈줈瑜?臾댁뾿?대씪 ?섎뒗媛?,二쇨났?뺤꽑 (Critical Path),2.?ㅻ궡?붿옄??湲고쉷,P.57,Rocky
01-02-2008,怨듭궗鍮?援ъ꽦 ?붿냼 以??щ즺鍮? ?몃Т鍮? 寃쎈퉬瑜??⑹튇 湲덉븸??臾댁뾿?대씪 ?섎뒗媛?,?쒓났?щ퉬,2.?ㅻ궡?붿옄??湲고쉷,P.48,Rocky
01-02-2009,"吏곸젒 怨듭궗鍮??몄뿉 湲곗뾽???좎? 愿由??쒕룞???쒕뒗 鍮꾩슜?쇰줈, 蹂몄궗 ?댁쁺鍮꾨굹 ?꾩쭅??湲됱뿬 ?깆씠 ?ы븿?섎뒗 ??ぉ??",?쇰컲愿由щ퉬,2.?ㅻ궡?붿옄??湲고쉷,P.48,Rocky
01-02-2010,怨듭궗 ?먭????쇱젙 鍮꾩쑉???댁씡???뷀븯怨?遺媛媛移섏꽭瑜??ы븿?섏뿬 ?곗텧??理쒖쥌 湲덉븸??臾댁뾿?대씪 ?섎뒗媛?,珥앷났?щ퉬,2.?ㅻ궡?붿옄??湲고쉷,P.48,Rocky
01-02-2011,湲고쉷 ?④퀎?먯꽌 ?섏쭛???뺣낫瑜?諛뷀깢?쇰줈 ?붿옄?몄쓽 ?듭떖 ?⑥뼱瑜??꾩텧?섏뿬 肄섏뀎???ㅼ젙??湲곗큹濡??쇰뒗 寃껋??,?ㅼ썙??2.?ㅻ궡?붿옄??湲고쉷,2.?ㅻ궡?붿옄??湲고쉷,P.31,Rocky
01-02-2012,李쎌쓽?곸씤 ?꾩씠?붿뼱 諛쒖긽???꾪빐 ?щ윭 ?щ엺???먯쑀濡?쾶 ?섍껄???쒖떆?섎ŉ ?꾩씠?붿뼱瑜??뺤옣???섍????뚯쓽 湲곕쾿??,釉뚮젅?몄뒪?좊컢,2.?ㅻ궡?붿옄??湲고쉷,P.32,Rocky
01-02-2013,以묒떖 二쇱젣瑜?媛?대뜲 ?먭퀬 媛吏瑜?爾먮굹媛硫??앷컖???먮쫫???쒓컖?뷀븯???뺣━?섎뒗 諛쒖긽踰뺤??,留덉씤??留?2.?ㅻ궡?붿옄??湲고쉷,2.?ㅻ궡?붿옄??湲고쉷,P.32,Rocky
01-02-2014,"?붿옄???대?吏, ?됱긽, 留덇컧???깆쓽 ?щ?瑜??섏쭛?섏뿬 ?쒕늿??蹂????덈룄濡?援ъ꽦??蹂대뱶(Board)??",臾대뱶 蹂대뱶,2.?ㅻ궡?붿옄??湲고쉷,P.33,Rocky
01-02-2015,怨듦컙??湲곕뒫怨??깃꺽???곕씪 援ъ뿭???섎늻怨?諛곗튂 怨꾪쉷???섎┰?섎뒗 怨쇱젙??臾댁뾿?대씪 ?섎뒗媛?,議곕떇,2.?ㅻ궡?붿옄??湲고쉷,P.41,Rocky
01-02-2016,媛?怨듦컙(湲곕뒫) 媛꾩쓽 ?몄젒?깆씠???곌??깆쓣 遺꾩꽍?섏뿬 ??留ㅽ듃由?뒪) ?뺥깭濡??섑????ㅼ씠?닿렇?⑥??,?곴? 愿怨?(Matrix),2.?ㅻ궡?붿옄??湲고쉷,P.42,Rocky
01-02-2017,"?ㅻ궡?붿옄??愿??踰뺢퇋 以??ㅻ궡 嫄댁텞??援ъ“, ?щ즺, ?쇰궃 ?깆뿉 愿??媛??湲곕낯???섎뒗 踰뺣졊??",嫄댁텞踰?2.?ㅻ궡?붿옄??湲고쉷,2.?ㅻ궡?붿옄??湲고쉷,P.13,Rocky
01-02-2018,"?붿옱 珥덇린 吏꾩븬???꾪빐 泥쒖옣???ㅼ튂?섎ŉ, ?쇱젙 ?⑤룄 ?댁긽???섎㈃ 臾쇱쓣 遺꾩궗?섎뒗 ?뚮갑 ?ㅻ퉬??",?ㅽ봽留곹겢??2.?ㅻ궡?붿옄??湲고쉷,2.?ㅻ궡?붿옄??湲고쉷,P.15,Rocky
01-02-2019,"?꾨줈?앺듃??湲고쉷遺???꾨즺源뚯? ??怨쇱젙??珥앷큵 吏?섑븯硫??덉쭏, 鍮꾩슜, ?쇱젙??愿由ы븯??梨낆엫?먮뒗? (?쎌묶)",PM (Project Manager),2.?ㅻ궡?붿옄??湲고쉷,P.16,Rocky
01-02-2020,"?꾨줈?앺듃 ?섑뻾 媛?μ꽦, 寃쎌젣?? 湲곗닠????뱀꽦 ?깆쓣 ?ъ쟾??遺꾩꽍?섎뒗 議곗궗瑜?臾댁뾿?대씪 ?섎뒗媛?",??뱀꽦 議곗궗,2.?ㅻ궡?붿옄??湲고쉷,P.23,Rocky
01-02-2021,"?대씪?댁뼵?몄? ?붿옄?대꼫 媛꾩쓽 踰뺤쟻 ?⑤젰??媛뽯뒗 臾몄꽌濡? ?꾨줈?앺듃 踰붿쐞, 湲덉븸, 湲곌컙 ?깆쓣 紐낆떆??寃껋??",怨꾩빟??2.?ㅻ궡?붿옄??湲고쉷,2.?ㅻ궡?붿옄??湲고쉷,P.11,Rocky
01-02-2022,?붿옄???덉쓣 ?대씪?댁뼵?몄뿉寃??④낵?곸쑝濡??꾨떖?섍퀬 ?ㅻ뱷?섍린 ?꾪빐 ?쒓컖 ?먮즺? ?④퍡 ?ㅻ챸?섎뒗 怨쇱젙??,?꾨젅?좏뀒?댁뀡,2.?ㅻ궡?붿옄??湲고쉷,P.75,Rocky
01-02-2023,理쒖냼??鍮꾩슜?쇰줈 理쒖긽??湲곕뒫???산린 ?꾪빐 ?ㅺ퀎 ?④퀎?먯꽌 ??덉쓣 寃?좏븯怨?媛移섎? ?μ긽?쒗궎??湲곕쾿?? (?쎌묶),VE (Value Engineering),2.?ㅻ궡?붿옄??湲고쉷,P.49,Rocky
01-02-2024,"湲곗〈 嫄대Ъ??怨⑥“???좎??섎㈃???대? ?쒖꽕, 留덇컧, ?붿옄???깆쓣 ?꾨㈃?곸쑝濡?媛쒖꽑?섏뿬 媛移섎? ?믪씠??怨듭궗??",由щ끂踰좎씠??2.?ㅻ궡?붿옄??湲고쉷,2.?ㅻ궡?붿옄??湲고쉷,P.12,Rocky
01-02-2025,"?쒕????먮쫫?대굹 ?좏뻾?섎뒗 ?ㅽ??? ?됱긽, ?뚯옱 ?깆쓽 寃쏀뼢???뚯븙?섎뒗 寃껋쓣 臾댁뾿?대씪 ?섎뒗媛?",諛붾떏硫댁쟻,2.?ㅻ궡?붿옄??湲고쉷,P.39,Rocky
01-02-2026,"怨듦컙???ㅼ젣濡??ъ슜???щ엺?ㅼ쓽 ?뱀꽦(?곕졊, ?깅퀎, ?쇱씠?꾩뒪???????議곗궗?섏뿬 ?붿옄?몄뿉 諛섏쁺?섎뒗 遺꾩꽍??",?ъ슜??遺꾩꽍,2.?ㅻ궡?붿옄??湲고쉷,P.35,Rocky
01-02-2027,?꾨줈?앺듃 吏꾪뻾 以?諛쒖깮?????덈뒗 ?꾪뿕 ?붿냼瑜??ъ쟾???앸퀎?섍퀬 ??묒콉??留덈젴?섎뒗 愿由??쒕룞??,由ъ뒪??愿由?2.?ㅻ궡?붿옄??湲고쉷,2.?ㅻ궡?붿옄??湲고쉷,P.19,Rocky
01-02-2028,"?낅Т 怨듦컙 怨꾪쉷 ???낅Т ?⑥쑉?깃낵 ?숈꽑??怨좊젮?섏뿬 梨낆긽, ?섎궔???깆쓣 諛곗튂?섎뒗 寃껋쓣 臾댁뾿?대씪 ?섎뒗媛?",?ㅽ뵾???덉씠?꾩썐,2.?ㅻ궡?붿옄??湲고쉷,P.41,Rocky
01-02-2029,"湲곗뾽???대?吏 ?듭씪???묒뾽???삵븯??留먮줈, 濡쒓퀬, ?됱긽, ?명뀒由ъ뼱 ?깆쓣 ?쇨????덇쾶 ?붿옄?명븯???꾨왂?? (Space Identity)",SI,2.?ㅻ궡?붿옄??湲고쉷,P.38,Rocky
01-02-1930,?붿옄??肄섏뀎?몃? 援ъ껜?뷀븯湲??꾪빐 臾몄옣?대굹 ?⑥뼱濡??쒗쁽???듭떖 媛쒕뀗(二쇱젣)??臾댁뾿?대씪 ?섎뒗媛?,?붿옄??肄섏뀎??2.?ㅻ궡?붿옄??湲고쉷,2.?ㅻ궡?붿옄??湲고쉷,P.61,Rocky
01-02-1931,怨듦컙??遺꾩쐞湲곕? ?곗텧?섍린 ?꾪빐 二쇱“?? 蹂댁“?? 媛뺤“?됱쓣 ?좎젙?섍퀬 議고솕濡?쾶 諛곗튂?섎뒗 怨꾪쉷??,?됱콈 怨꾪쉷,2.?ㅻ궡?붿옄??湲고쉷,P.69,Rocky
01-02-1932,"?ㅻ궡 怨듦컙??鍮??섍꼍??議곗젅?섏뿬 湲곕뒫怨??щ??깆쓣 ?믪씠??怨꾪쉷?쇰줈, 議곕룄 怨꾩궛 諛?湲곌뎄 ?좎젙???ы븿?섎뒗 寃껋??",議곕챸 怨꾪쉷,2.?ㅻ궡?붿옄??湲고쉷,P.72,Rocky
01-02-1933,"留덇컧???좎젙 ??怨좊젮?댁빞 ???붿냼濡? ?щ즺??吏덇컧, ?닿뎄?? ?좎?愿由??⑹씠???깆쓣 ?ы븿?섎뒗 ?⑹뼱??",留덇컧??怨꾪쉷,2.?ㅻ궡?붿옄??湲고쉷,P.71,Rocky
01-02-1934,"媛援ъ쓽 諛곗튂, ?뺥깭, 移섏닔 ?깆쓣 怨꾪쉷?섏뿬 怨듦컙???쒖슜?꾩? ?몄쓽?깆쓣 ?믪씠???붿옄??怨쇱젙??",媛援?怨꾪쉷,2.?ㅻ궡?붿옄??湲고쉷,P.73,Rocky
01-02-1935,?꾨㈃ ?묒꽦 ???ㅼ젣 ?ш린瑜??쇱젙??鍮꾩쑉濡?以꾩뿬???쒗쁽?섎뒗 寃껋쓣 臾댁뾿?대씪 ?섎뒗媛?,異뺤쿃 (Scale),2.?ㅻ궡?붿옄??湲고쉷,P.82,Rocky
01-02-1936,"怨듦컙??諛붾떏, 踰? 泥쒖옣 ?깆쓽 ?믩궙??李⑥씠瑜??쒖떆?섏뿬 ?낆껜?곸씤 援ъ“瑜??뚯븙?섍쾶 ?섎뒗 ?쒖떆??",?덈꺼 (Level),2.?ㅻ궡?붿옄??湲고쉷,P.85,Rocky
01-02-1937,"踰쎌껜??以묒떖?좎쓣 湲곗??쇰줈 移섏닔瑜?湲곗엯?섎ŉ, 援ъ“泥댁쓽 ?꾩튂瑜?紐낇솗???섎뒗 ?좎??",以묒떖??2.?ㅻ궡?붿옄??湲고쉷,2.?ㅻ궡?붿옄??湲고쉷,P.83,Rocky
01-02-1938,"李쏀샇(臾? 李쎈Ц)???꾩튂, ?ш린, 媛쒗룓 諛⑹떇 ?깆쓣 ?쒓린?섏뿬 ?쒖옉 諛??쒓났??湲곗????섎뒗 ?꾨㈃??",李쏀샇??2.?ㅻ궡?붿옄??湲고쉷,2.?ㅻ궡?붿옄??湲고쉷,P.88,Rocky
01-02-1939,"泥쒖옣??議곕챸, ?ㅻ퉬, 留덇컧, ?믪씠 ?깆쓣 醫낇빀?곸쑝濡?蹂댁뿬二쇰뒗 ?꾨㈃?쇰줈, 議곕챸 怨꾪쉷??二쇰줈 ?쒗쁽?섎뒗 ?꾨㈃??",泥쒖옣??2.?ㅻ궡?붿옄??湲고쉷,2.?ㅻ궡?붿옄??湲고쉷,P.87,Rocky
01-02-1940,?ㅻ궡 怨듦컙????硫댁쓣 ?섏쭅?쇰줈 ?섎씪 ?대? 援ъ“? ?믪씠 愿怨? 留덇컧 ?곸꽭 ?깆쓣 蹂댁뿬二쇰뒗 ?꾨㈃??,?⑤㈃??2.?ㅻ궡?붿옄??湲고쉷,2.?ㅻ궡?붿옄??湲고쉷,P.86,Rocky
01-03-001,"공사를 수행하기 위해 재료(Material), 인력(Man), 기계(Machine), 자금(Money), 공법(Method)의 5가지 요소를 관리하는 것을 무엇이라 하는가? (5M 관리)",시공 관리,3.실내디자인 시공 관리,"P.5, 28",Rocky
01-03-002,"공사 계약 방식 중, 건축주가 직접 자재를 구매하고 인력을 고용하여 공사를 진행하는 방식을 무엇이라 하는가?",직영 공사,3.실내디자인 시공 관리,P.3,Rocky
01-03-003,"공사비 총액을 확정하여 계약하는 방식으로, 공사 관리 업무가 간단하고 건축주가 자금 계획을 세우기 유리한 도급 방식은?",정액 도급,3.실내디자인 시공 관리,P.4,Rocky
01-03-004,"공사 진행 상황을 도표화한 것으로, 공사의 진척도를 파악하고 일정 관리를 위해 작성하는 문서는?",공정표,3.실내디자인 시공 관리,"P.11, 15",Rocky
01-03-005,"공정표 중 가장 일반적인 형태로, 세로축에 공종을, 가로축에 날짜를 막대그래프로 표시하여 누구나 알아보기 쉬운 공정표는?",횡선식 (Bar Chart),3.실내디자인 시공 관리,P.11,Rocky
01-03-006,"네트워크 공정표(CPM/PERT)에서 작업의 여유 시간이 전혀 없는 경로로, 전체 공사 기간을 결정짓는 주된 경로를 무엇이라 하는가?",주공정선 (CP),3.실내디자인 시공 관리,P.16,Rocky
01-03-007,"공사 실행을 위해 실제 소요되는 원가를 산출하여 편성한 예산서로, 기업의 손익을 관리하는 기준이 되는 문서는?",실행 예산,3.실내디자인 시공 관리,P.17,Rocky
01-03-008,공사를 시작하기 전에 관할 관청에 공사 계획을 알리는 행정 절차는?,착공 신고,3.실내디자인 시공 관리,P.18,Rocky
01-03-009,"공사 현장에서 매일매일의 작업 내용, 인력 및 자재 투입 현황, 기상 조건 등을 기록하는 문서는?",공사 일보,3.실내디자인 시공 관리,P.36,Rocky
01-03-010,"공사를 위해 임시로 설치하는 시설물(가설 울타리, 비계, 현장 사무소 등)을 설치하고 공사 완료 후 해체하는 공사는?",가설 공사,3.실내디자인 시공 관리,P.27,Rocky
01-03-011,"기존 구조물이나 마감재를 해체하고 제거하는 작업으로, 소음 및 분진 관리가 중요한 공사는?",철거 공사,3.실내디자인 시공 관리,P.27,Rocky
01-03-012,"벽돌이나 블록 등을 쌓아 벽체를 구성하는 공사로, 공간 구획이나 디자인 요소를 위해 시행하는 것은?",조적 공사,3.실내디자인 시공 관리,P.27,Rocky
01-03-013,시멘트 모르타르 등을 벽이나 바닥에 발라 평평하게 마감하거나 바탕을 만드는 공사는?,미장 공사,3.실내디자인 시공 관리,P.28,Rocky
01-03-014,"천장이나 벽체 틀을 만들기 위해 얇은 철판을 절곡하여 만든 부재(스터드, 러너 등)를 조립하는 공사는?",경량 철골 공사,3.실내디자인 시공 관리,P.28,Rocky
01-03-015,"나무를 가공하여 벽체, 천장, 가구 등을 제작 및 설치하는 공사로, 인테리어의 핵심적인 공종은?",목공사,3.실내디자인 시공 관리,P.28,Rocky
01-03-016,"창문이나 문틀, 문짝 등을 제작하고 설치하는 공사는?",창호 공사,3.실내디자인 시공 관리,P.29,Rocky
01-03-017,"물을 사용하는 공간(화장실, 주방 등)에 물이 새지 않도록 처리하는 공사는?",방수 공사,3.실내디자인 시공 관리,P.30,Rocky
01-03-018,"도배, 필름, 바닥재 등 최종 마감재를 부착하여 미관을 완성하는 공사를 통칭하는 말은?",수장 공사,3.실내디자인 시공 관리,P.30,Rocky
01-03-019,"급수, 배수, 냉난방, 가스 배관 등을 설치하고 연결하는 공사는?",설비 공사,3.실내디자인 시공 관리,P.30,Rocky
01-03-020,"공사 현장에서 발생할 수 있는 사고 중, 높은 곳에서 작업자가 떨어지는 사고를 무엇이라 하는가?",추락 (떨어짐),3.실내디자인 시공 관리,P.47,Rocky
01-03-021,산업안전보건법에 따라 일정 규모 이상의 현장에 배치되어 안전 업무를 전담하는 사람은?,안전 관리자,3.실내디자인 시공 관리,P.46,Rocky
01-03-022,"작업자가 안전을 위해 착용해야 하는 안전모, 안전화, 안전대 등을 통칭하는 말은?",보호구,3.실내디자인 시공 관리,P.51,Rocky
01-03-023,위험 장소나 주의 사항을 알리기 위해 설치하는 그림이나 문자로 된 표시는?,표지판,3.실내디자인 시공 관리,P.51,Rocky
01-03-024,"공사가 설계 도서대로 시공되는지 확인하고 품질, 안전 등을 지도 감독하는 업무를 무엇이라 하는가?",감리,3.실내디자인 시공 관리,P.58,Rocky
01-03-025,시공자가 공정 단계별로 시공 상태를 확인받기 위해 감리자에게 제출하는 문서는?,검측 요청서,3.실내디자인 시공 관리,P.65,Rocky
01-03-026,반입되는 자재가 설계 도서의 규격 및 품질 기준에 적합한지 검사하는 절차는?,자재 검수,3.실내디자인 시공 관리,P.60,Rocky
01-03-027,설계 도면을 바탕으로 현장 여건에 맞게 구체적인 치수와 시공 방법을 상세하게 그린 도면은? (Shop Drawing),시공 상세도,3.실내디자인 시공 관리,P.61,Rocky
01-03-028,"공사 완료 후 발생한 결함이나 불량 상태(균열, 누수, 파손 등)를 무엇이라 하는가?",하자,3.실내디자인 시공 관리,P.66,Rocky
01-03-029,시공자가 공사 완료 후 일정 기간 동안 하자에 대해 보수 책임을 지는 기간은?,담보 책임 기간,3.실내디자인 시공 관리,P.66,Rocky
01-03-030,"견적서 작성 시 재료비, 노무비, 경비만을 합산한 금액으로, 이윤과 일반관리비가 포함되지 않은 것은?",순공사비,3.실내디자인 시공 관리,P.21,Rocky
01-03-031,"타일 시공 방법 중, 벽면에 모르타르를 바르고 타일을 한 장씩 붙이는 전통적인 공법은?",떠붙이기,3.실내디자인 시공 관리,P.29,Rocky
01-03-032,일반 유리에 비해 강도가 높고 파손 시 입자가 잘게 부서져 안전한 유리는?,강화 유리,3.실내디자인 시공 관리,P.29,Rocky
01-03-033,"도장 공사(페인트) 시 도료의 점도를 조절하기 위해 섞어 쓰는 액체는? (신너, 물 등)",희석제,3.실내디자인 시공 관리,P.30,Rocky
01-03-034,"화재 발생 시 불이 번지는 것을 지연시키기 위해 실내 장식물(합판, 목재 등)에 처리하는 가공은?",방염,3.실내디자인 시공 관리,P.45,Rocky
01-03-035,"공사 중 발생하는 소음, 진동, 먼지, 폐기물 등을 적절하게 처리하여 주변 피해를 최소화하는 관리는?",환경 관리,3.실내디자인 시공 관리,P.45,Rocky
01-03-036,"공정이 지연되었을 때, 이를 만회하기 위해 인력이나 장비를 추가 투입하거나 작업 순서를 조정하는 대책은?",만회 대책,3.실내디자인 시공 관리,P.37,Rocky
01-03-037,"공사 착수 전 시공 방법, 일정, 안전 계획 등을 종합적으로 수립하여 제출하는 계획서는?",시공 계획서,3.실내디자인 시공 관리,P.3,Rocky
01-03-038,공사의 품질 확보를 위해 시공 상태를 확인하고 승인하는 절차를 통칭하는 말은?,검측,3.실내디자인 시공 관리,P.65,Rocky
01-03-039,"시공 과정에서 설계 변경이 필요할 때, 변경 사유와 금액 증감 내역을 작성하여 승인을 요청하는 서류는?",설계 변경 요청서,3.실내디자인 시공 관리,P.62,Rocky
01-03-040,공사가 모두 완료된 후 최종적으로 건축주에게 목적물을 인계하고 잔금을 수령하는 절차는?,준공 및 인도,3.실내디자인 시공 관리,P.68,Rocky
01-04-2001,?쒕줈 鍮꾩듂??湲곕뒫??媛吏?怨듦컙?쇰━ 臾띔굅?? ?깃꺽???ㅻⅨ 怨듦컙??遺꾨━?섏뿬 諛곗튂?섎뒗 怨꾪쉷 怨쇱젙??臾댁뾿?대씪 ?섎뒗媛?,議곕떇 (Zoning),4.?ㅻ궡?붿옄??湲곕낯 怨꾪쉷,"P.4, 10",Rocky
01-04-2002,怨듦컙 ?댁뿉???щ엺?대굹 臾쇨굔???吏곸씠??寃쎈줈瑜??좎쑝濡??섑???寃껋쑝濡? 吏㏐퀬 紐낆풄?좎닔濡??⑥쑉?곸씤 寃껋??,?숈꽑,4.?ㅻ궡?붿옄??湲곕낯 怨꾪쉷,"P.4, 21",Rocky
01-04-2003,?꾩씠?붿뼱 援ъ긽 珥덇린 ?④퀎?먯꽌 怨듦컙??湲곕뒫??愿怨꾩? ?숈꽑 泥닿퀎瑜???Circle)?대굹 ??먯쑝濡???듭쟻?쇰줈 ?쒗쁽???ㅼ씠?닿렇?⑥??,踰꾨툝 ?ㅼ씠?닿렇??4.?ㅻ궡?붿옄??湲곕낯 怨꾪쉷,4.?ㅻ궡?붿옄??湲곕낯 怨꾪쉷,"P.5, 8",Rocky
01-04-2004,"踰꾨툝 ?ㅼ씠?닿렇?⑥쓣 諛쒖쟾?쒖폒 怨듦컙???ㅼ젣 ?ш린??鍮꾨?, ?뺥깭瑜??ш컖??Box) ?깆쑝濡?醫 ??援ъ껜?뷀븯???쒗쁽???ㅼ씠?닿렇?⑥??",釉붾줉 ?ㅼ씠?닿렇??4.?ㅻ궡?붿옄??湲곕낯 怨꾪쉷,4.?ㅻ궡?붿옄??湲곕낯 怨꾪쉷,"P.5, 11",Rocky
01-04-2005,"二쇨굅 怨듦컙?먯꽌 嫄곗떎, ?앸떦, ?꾧? ??媛議깆씠 ?④퍡 ?ъ슜?섎ŉ ?먮떂??留욎씠?섍린???섎뒗 ?곸뿭??臾댁뾿?대씪 ?섎뒗媛? (OO ?곸뿭)",怨듭쟻 (Public),4.?ㅻ궡?붿옄??湲곕낯 怨꾪쉷,"P.6, 8",Rocky
01-04-2006,"移⑥떎, ?쒖옱, ?뺤떎 ??媛쒖씤???꾨씪?대쾭?쒓? 媛??以묒슂?쒕릺??二쇨굅 怨듦컙???곸뿭??",?ъ쟻 (Private),4.?ㅻ궡?붿옄??湲곕낯 怨꾪쉷,"P.6, 8",Rocky
01-04-2007,?곸뾽 怨듦컙 怨꾪쉷 ?? 怨좉컼???숈꽑怨?吏곸썝???숈꽑? ?쒕줈 寃뱀튂吏 ?딄쾶 怨꾪쉷?댁빞 ?섎뒗?? ?대? 臾댁뾿?대씪 ?섎뒗媛? (?숈꽑 OO),遺꾨━ (?숈꽑 遺꾨━),4.?ㅻ궡?붿옄??湲곕낯 怨꾪쉷,"P.5, 63",Rocky
01-04-2008,?멸컙???좎껜 移섏닔? ?숈옉 移섏닔瑜?湲곗??쇰줈 ?섏뿬 怨듦컙?대굹 媛援ъ쓽 ?ш린瑜?寃곗젙?섎뒗 泥숇룄瑜?臾댁뾿?대씪 ?섎뒗媛?,?대㉫ ?ㅼ???4.?ㅻ궡?붿옄??湲곕낯 怨꾪쉷,4.?ㅻ궡?붿옄??湲곕낯 怨꾪쉷,"P.28, 33",Rocky
01-04-2009,媛???꾨쫫?듦퀬 ?덉젙?곸씤 鍮꾨?濡??뚮젮???덉쑝硫? 1:1.618??鍮꾩쑉??媛吏??寃껋??,?⑷툑 鍮꾨?,4.?ㅻ궡?붿옄??湲곕낯 怨꾪쉷,P.34,Rocky
01-04-2010,"諛붾떏?먯꽌 ??1.2m~1.5m ?믪씠?먯꽌 ?섑룊?쇰줈 ?섎씪 ?대젮?ㅻ낯 ?꾨㈃?쇰줈, ?ㅼ쓽 諛곗튂? ?ш린, 媛쒓뎄遺???꾩튂 ?깆쓣 ?뚯븙?????덈뒗 媛??湲곕낯?곸씤 ?꾨㈃??",?됰㈃??4.?ㅻ궡?붿옄??湲곕낯 怨꾪쉷,4.?ㅻ궡?붿옄??湲곕낯 怨꾪쉷,"P.42, 53",Rocky
01-04-2011,"嫄대Ъ???멸??대굹 ?ㅻ궡 踰쎈㈃???뺣㈃?먯꽌 諛붾씪蹂?紐⑥뼇??洹몃┛ ?꾨㈃?쇰줈, ?붿옄?몄씠??留덇컧?щ? ?쒗쁽?섎뒗 寃껋??",?낅㈃??4.?ㅻ궡?붿옄??湲곕낯 怨꾪쉷,4.?ㅻ궡?붿옄??湲곕낯 怨꾪쉷,"P.42, 60",Rocky
01-04-2012,"嫄대Ъ???섏쭅?쇰줈 ?덈떒?섏뿬 ?대????믪씠, 援ъ“, 留덇컧 ?깆쓣 蹂댁뿬二쇰뒗 ?꾨㈃??",?⑤㈃??4.?ㅻ궡?붿옄??湲곕낯 怨꾪쉷,4.?ㅻ궡?붿옄??湲곕낯 怨꾪쉷,"P.42, 51",Rocky
01-04-2013,"泥쒖옣???뺥깭, 議곕챸 湲곌뎄???꾩튂, ?ㅻ퉬 ?깆쓣 ?됰㈃?꾩? 媛숈? 諛⑺뼢?먯꽌 ?щ젮?ㅻ낯 ?곹깭濡?洹몃┛ ?꾨㈃??",泥쒖옣??4.?ㅻ궡?붿옄??湲곕낯 怨꾪쉷,4.?ㅻ궡?붿옄??湲곕낯 怨꾪쉷,"P.50, 59",Rocky
01-04-2014,?꾨㈃?먯꽌 踰쎌껜??湲곕뫁??以묒떖???섑??대뒗 ?좎쑝濡? 1???꾩꽑(---??--)?쇰줈 ?쒗쁽?섎뒗 ?좎??,以묒떖??4.?ㅻ궡?붿옄??湲곕낯 怨꾪쉷,4.?ㅻ궡?붿옄??湲곕낯 怨꾪쉷,P.46,Rocky
01-04-2015,?꾨㈃??諛⑹쐞瑜??쒖떆???? 湲곕낯?곸쑝濡??꾩そ 諛⑺뼢??媛由ы궎??諛⑹쐞??,遺곸そ (North),4.?ㅻ궡?붿옄??湲곕낯 怨꾪쉷,P.46,Rocky
01-04-2016,"?ъ떆?꾨쾿 以??뚯떎?먯씠 ?섎굹???ъ떆?꾨줈, ?ㅻ궡 ?꾩껜瑜?源딆씠媛??덇쾶 ?쒗쁽????二쇰줈 ?ъ슜?섎뒗 寃껋??",1?뚯젏 ?ъ떆??4.?ㅻ궡?붿옄??湲곕낯 怨꾪쉷,4.?ㅻ궡?붿옄??湲곕낯 怨꾪쉷,P.45,Rocky
01-04-2017,"?뚯떎?먯씠 ??媛쒖씤 ?ъ떆?꾨줈, 嫄대Ъ???멸??대굹 媛援??깆쓣 ?낆껜?곸쑝濡??쒗쁽????二쇰줈 ?ъ슜?섎뒗 寃껋??",2?뚯젏 ?ъ떆??4.?ㅻ궡?붿옄??湲곕낯 怨꾪쉷,4.?ㅻ궡?붿옄??湲곕낯 怨꾪쉷,P.45,Rocky
01-04-2018,"議곕챸 諛⑹떇 以?鍮쏆쓣 ?묒뾽硫댁뿉 吏곸젒 鍮꾩텛???믪? 議곕룄瑜??삳뒗 諛⑹떇?쇰줈, ?⑥쑉???믪?留??덈??ъ씠 諛쒖깮?????덈뒗 寃껋??",吏곸젒 議곕챸,4.?ㅻ궡?붿옄??湲곕낯 怨꾪쉷,P.27,Rocky
01-04-2019,鍮쏆쓣 泥쒖옣?대굹 踰쎌뿉 諛섏궗?쒖폒 遺?쒕읇怨?????遺꾩쐞湲곕? ?곗텧?섎뒗 議곕챸 諛⑹떇??,媛꾩젒 議곕챸,4.?ㅻ궡?붿옄??湲곕낯 怨꾪쉷,"P.27, 34",Rocky
01-04-2020,鍮쏆씠 ?곹븯醫뚯슦 紐⑤뱺 諛⑺뼢?쇰줈 ?뺤궛?섎룄濡??섏뿬 怨듦컙 ?꾩껜瑜?諛앷쾶 ?섎뒗 議곕챸 諛⑹떇??,?꾨컲 ?뺤궛 議곕챸,4.?ㅻ궡?붿옄??湲곕낯 怨꾪쉷,P.27,Rocky
01-04-2021,嫄댁텞臾쇱쓽 ?섏쨷??吏吏?섎뒗 踰쎌껜濡? 援ъ“ 蹂寃????⑤?濡?泥좉굅?섍굅??蹂?뺥빐?쒕뒗 ???섎뒗 踰쎌??,?대젰踰?4.?ㅻ궡?붿옄??湲곕낯 怨꾪쉷,4.?ㅻ궡?붿옄??湲곕낯 怨꾪쉷,P.16,Rocky
01-04-2022,"怨듦컙??援ы쉷?섍린 ?꾪빐 ?ㅼ튂?섎뒗 鍮꾨궡?λ꼍?쇰줈, ?꾩슂???곕씪 ?꾩튂瑜?蹂寃쏀븯嫄곕굹 泥좉굅?????덈뒗 踰쎌??",移몃쭑?대꼍,4.?ㅻ궡?붿옄??湲곕낯 怨꾪쉷,"P.16, 33",Rocky
01-04-2023,"CAD ?쒖뒪?쒖뿉???먯젏(0,0,0)??湲곗??쇰줈 ?섎뒗 醫뚰몴怨꾨뒗?",?덈? 醫뚰몴,4.?ㅻ궡?붿옄??湲곕낯 怨꾪쉷,P.41,Rocky
01-04-2024,?꾩옱 ?꾩튂瑜?湲곗??쇰줈 ?섏뿬 ?ㅼ쓬 ?먭퉴吏??嫄곕━? 諛⑺뼢?쇰줈 ?꾩튂瑜?吏?뺥븯??醫뚰몴怨꾨뒗?,?곷? 醫뚰몴,4.?ㅻ궡?붿옄??湲곕낯 怨꾪쉷,P.41,Rocky
01-04-2025,?됱콈 怨꾪쉷 ????媛吏 ?됱긽?먯꽌 紐낅룄? 梨꾨룄留뚯쓣 ?ㅻⅤ寃??섏뿬 諛곗깋?섎뒗 湲곕쾿?? (??????,?⑥깋 (Tone on Tone),4.?ㅻ궡?붿옄??湲곕낯 怨꾪쉷,P.17,Rocky
01-04-2026,?됱긽?섏뿉???쒕줈 留덉＜ 蹂대뒗 ?꾩튂???덈뒗 ?됱쓣 諛곗깋?섏뿬 媛뺣젹?섍퀬 ?붾젮???먮굦??二쇰뒗 湲곕쾿??,蹂댁깋 (?鍮?,4.?ㅻ궡?붿옄??湲곕낯 怨꾪쉷,P.17,Rocky
01-04-2027,"媛援? 議곕챸, 留덇컧???깆쓽 ?덈챸, 洹쒓꺽, ?섎웾, ?쒖“???깆쓣 ?곸꽭??湲곕줉??紐⑸줉?쒕뒗?",?ㅽ럺 由ъ뒪??4.?ㅻ궡?붿옄??湲곕낯 怨꾪쉷,4.?ㅻ궡?붿옄??湲곕낯 怨꾪쉷,"P.61, 62",Rocky
01-04-2028,"?꾨㈃???쒓린?섍린 ?대젮???쒓났 諛⑸쾿, ?щ즺???덉쭏, 留덇컧 ?곹깭 ?깆쓣 湲濡??곸꽭??湲곗닠??臾몄꽌??",?쒕갑??4.?ㅻ궡?붿옄??湲곕낯 怨꾪쉷,4.?ㅻ궡?붿옄??湲곕낯 怨꾪쉷,P.60,Rocky
01-04-2029,?쒓뎅?곗뾽?쒖????섑??대뒗 ?쎌뼱濡? ?먯옱 ?좎젙 ???덉쭏 ?몄쬆??湲곗????섎뒗 留덊겕??,KS,4.?ㅻ궡?붿옄??湲곕낯 怨꾪쉷,P.59,Rocky
01-04-1930,?ㅻ궡 怨듦린 吏덉쓣 苡뚯쟻?섍쾶 ?좎??섍린 ?꾪빐 ?좎꽑??怨듦린瑜??좎엯?섍퀬 ?ㅼ뿼??怨듦린瑜?諛곗텧?섎뒗 怨꾪쉷??,?섍린 怨꾪쉷,4.?ㅻ궡?붿옄??湲곕낯 怨꾪쉷,P.43,Rocky
01-04-1931,"?щТ 怨듦컙?먯꽌 媛쒖씤???낅Т ?뱀꽦??留욊쾶 梨낆긽, ?뚰떚?? ?섎궔 ?깆쓣 紐⑤뱢?뷀븯??援ъ꽦???⑥쐞 怨듦컙??",?뚰겕?ㅽ뀒?댁뀡,4.?ㅻ궡?붿옄??湲곕낯 怨꾪쉷,"P.21, 37",Rocky
01-04-1932,"二쇰갑???묒뾽 ?쇨컖??Work Triangle)??援ъ꽦?섎뒗 3媛吏 二쇱슂 ?붿냼?? (?됱옣怨? 媛쒖닔?, OO?)",媛?대? (荑≫깙),4.?ㅻ궡?붿옄??湲곕낯 怨꾪쉷,P.13,Rocky
01-04-1933,?꾩떆 怨듦컙 怨꾪쉷 ??愿?뚭컼???숈꽑??以묐났?섍굅????쪟?섏? ?딅룄濡??섎뒗 媛??湲곕낯?곸씤 ?숈꽑 ?뺥깭??,?쇰갑?듯뻾 (One Way),4.?ㅻ궡?붿옄??湲곕낯 怨꾪쉷,P.23,Rocky
01-04-1934,?명뀛 媛앹떎 以?移⑥떎怨?嫄곗떎??遺꾨━?섏뼱 ?덈뒗 怨좉툒 媛앹떎 ?좏삎??臾댁뾿?대씪 ?섎뒗媛?,?ㅼ쐞?몃８,4.?ㅻ궡?붿옄??湲곕낯 怨꾪쉷,P.25,Rocky
01-04-1935,"怨듦컙 ?붿옄?몄쓽 3?붿냼 以?諛붾떏, 踰? 泥쒖옣??援ъ꽦?섎ŉ 怨듦컙??1李⑥쟻???뺥깭瑜?留뚮뱶???붿냼??",援ъ“???붿냼,4.?ㅻ궡?붿옄??湲곕낯 怨꾪쉷,P.29,Rocky
01-04-1936,"怨듦컙??遺꾩쐞湲곕? 醫뚯슦?섎뒗 ?쒓컖???붿냼濡? 媛援? 議곕챸, 而ㅽ듉, ?≪꽭?쒕━ ?깆쓣 ?듭묶?섎뒗 留먯??",?μ떇???붿냼,4.?ㅻ궡?붿옄??湲곕낯 怨꾪쉷,P.30,Rocky
01-04-1937,"踰쎈㈃???섎떒???ㅼ튂?섏뿬 踰쎄낵 諛붾떏???щ즺 遺꾨━瑜?留덇컧?섍퀬, 踰쎈㈃ ?섎?瑜?蹂댄샇?섎뒗 紐곕뵫??",嫄몃젅諛쏆씠,4.?ㅻ궡?붿옄??湲곕낯 怨꾪쉷,P.55,Rocky
01-04-1938,踰쎈㈃怨?泥쒖옣??留뚮굹??紐⑥꽌由ъ뿉 ?ㅼ튂?섏뿬 ?댁쓬?덈? 媛由ш퀬 ?μ떇 ?④낵瑜?二쇰뒗 紐곕뵫??,泥쒖옣 紐곕뵫 (諛섏옄?뚮┝),4.?ㅻ궡?붿옄??湲곕낯 怨꾪쉷,P.55,Rocky
01-04-1939,"李쎈Ц?대굹 臾?二쇱쐞瑜?媛먯떥??紐곕뵫?쇰줈, 臾명?怨?踰쎌껜???댁쓬?덈? 留덇컧?섎뒗 寃껋??",臾몄꽑 (耳?댁떛),4.?ㅻ궡?붿옄??湲곕낯 怨꾪쉷,P.56,Rocky
01-04-1940,?ㅻ궡 怨듦컙???ㅼ젣蹂대떎 ?볦뼱 蹂댁씠寃??섍린 ?꾪빐 嫄곗슱???ъ슜?섍굅??諛앹? ?됱긽???곸슜?섎뒗 寃껋? ?대뼡 李⑹떆 ?④낵瑜??댁슜??寃껋씤媛?,?쒓컖??李⑹떆,4.?ㅻ궡?붿옄??湲곕낯 怨꾪쉷,P.35,Rocky
01-05-2001,二쇨굅 怨듦컙???ш쾶 怨듭쟻 怨듦컙(Public Space)怨??ъ쟻 怨듦컙(Private Space)?쇰줈 ?섎닃 ?? 嫄곗떎?대굹 ?앸떦? ?대뒓 ?곸뿭???랁븯?붽??,怨듭쟻 怨듦컙 (怨듬룞),5.?ㅻ궡?붿옄???몃? 怨듦컙怨꾪쉷,"P.4, 5",Rocky
01-05-2002,"二쇰갑???묒뾽 ?⑥쑉???믪씠湲??꾪빐 ?됱옣怨?以鍮?, 媛쒖닔?(?몄쿃), 媛?대?(議곕━)瑜??곌껐???쇨컖??援ъ꽦??臾댁뾿?대씪 ?섎뒗媛? (?묒뾽 OO)",?묒뾽 ?쇨컖??5.?ㅻ궡?붿옄???몃? 怨듦컙怨꾪쉷,5.?ㅻ궡?붿옄???몃? 怨듦컙怨꾪쉷,P.6,Rocky
01-05-2003,"?뺤떎 怨꾪쉷?먯꽌 蹂湲? ?몃㈃?, ?뺤“瑜?紐⑤몢 ??怨듦컙??諛곗튂?섎뒗 ?뺤떇??臾댁뾿?대씪 ?섎뒗媛?",?쇱떎??5.?ㅻ궡?붿옄???몃? 怨듦컙怨꾪쉷,5.?ㅻ궡?붿옄???몃? 怨듦컙怨꾪쉷,P.7,Rocky
01-05-2004,"媛議?援ъ꽦?먯씠 紐⑥뿬 ?댁떇, ??? TV ?쒖껌 ?깆쓣 ?섎뒗 二쇨굅??以묒떖 怨듦컙??",嫄곗떎,5.?ㅻ궡?붿옄???몃? 怨듦컙怨꾪쉷,P.5,Rocky
01-05-2005,遺??媛援?諛곗튂 ?좏삎 以? ?묒뾽 ?숈꽑??吏㏐퀬 ?⑥쑉?곸씠硫?醫곸? 二쇰갑???곹빀??諛곗튂 ?뺥깭?? (??湲??,?쇱옄??5.?ㅻ궡?붿옄???몃? 怨듦컙怨꾪쉷,5.?ㅻ궡?붿옄???몃? 怨듦컙怨꾪쉷,P.6,Rocky
01-05-2006,二쇰갑???꾩씪?쒕뱶 ?묒뾽?泥섎읆 踰쎌뿉???⑥뼱???낅┰?곸쑝濡?諛곗튂??媛援??뺥깭瑜?臾댁뾿?대씪 ?섎뒗媛?,?꾩씪?쒕뱶??5.?ㅻ궡?붿옄???몃? 怨듦컙怨꾪쉷,5.?ㅻ궡?붿옄???몃? 怨듦컙怨꾪쉷,P.6,Rocky
01-05-2007,"移⑥떎, ?쒖옱 ??媛쒖씤???꾨씪?대쾭?쒓? 以묒슂?쒕릺硫??댁떇怨??섎㈃???꾪븳 怨듦컙 ?곸뿭??",移⑥떎 (媛쒖씤),5.?ㅻ궡?붿옄???몃? 怨듦컙怨꾪쉷,"P.4, 7",Rocky
01-05-2008,"二쇨굅 怨듦컙?먯꽌 ?ㅻ궡? ?ㅼ쇅瑜??곌껐?섎ŉ, ?좊컻??踰쀪퀬 ?섎궔?섎뒗 湲곕뒫??媛吏??꾩씠 怨듦컙??",?꾧?,5.?ㅻ궡?붿옄???몃? 怨듦컙怨꾪쉷,P.5,Rocky
01-05-2009,二쇨굅 怨듦컙 議곕챸 怨꾪쉷 ?? 嫄곗떎?대굹 ?앸떦???ъ슜?섏뿬 ?곕쑜?섍퀬 遺?쒕윭??遺꾩쐞湲곕? ?곗텧?섍린???곹빀???됱삩??踰붿쐞?? (??OOOOk ~ OOOOk),2500~3000K (?꾧뎄??,5.?ㅻ궡?붿옄???몃? 怨듦컙怨꾪쉷,"P.8, 29",Rocky
01-05-2010,遺숇컯?댁옣(Built-in) 媛援ъ? 媛숈씠 嫄대Ъ 援ъ“泥댁쓽 ?쇰?泥섎읆 怨좎젙?섏뼱 ?대룞?????녿뒗 媛援щ? 臾댁뾿?대씪 ?섎뒗媛?,嫄댁텞??媛援?5.?ㅻ궡?붿옄???몃? 怨듦컙怨꾪쉷,5.?ㅻ궡?붿옄???몃? 怨듦컙怨꾪쉷,"P.8, 14",Rocky
01-05-2011,?щТ 怨듦컙 諛곗튂 ?좏삎 以? 遺??媛꾩쓽 踰쎌쓣 ?놁븷怨??볦? 怨듦컙??梨낆긽??諛곗튂?섏뿬 ?섏궗?뚰넻怨??좎뿰?깆쓣 ?믪씤 ?뺤떇?? (OO???ㅽ뵾??,媛쒕갑??5.?ㅻ궡?붿옄???몃? 怨듦컙怨꾪쉷,5.?ㅻ궡?붿옄???몃? 怨듦컙怨꾪쉷,P.26,Rocky
01-05-2012,媛쒖씤??怨좎젙 醫뚯꽍 ?놁씠 ?꾩슂???곕씪 ?먮━瑜??좏깮?섏뿬 洹쇰Т?섎뒗 ?ㅻ쭏???ㅽ뵾?ㅼ쓽 醫뚯꽍 ?댁쁺 諛⑹떇??,蹂??醫뚯꽍??5.?ㅻ궡?붿옄???몃? 怨듦컙怨꾪쉷,5.?ㅻ궡?붿옄???몃? 怨듦컙怨꾪쉷,P.25,Rocky
01-05-2013,"?낅Т 怨듦컙?먯꽌 媛쒖씤??吏묒쨷 ?낅Т? ? ?묒뾽???숈떆??吏?먰븯硫? 梨낆긽, ?뚰떚?? ?섎궔 ?깆씠 寃고빀???⑥쐞 ?쒖뒪?쒖??",?뚰겕?ㅽ뀒?댁뀡,5.?ㅻ궡?붿옄???몃? 怨듦컙怨꾪쉷,"P.28, 36",Rocky
01-05-2014,?щТ??諛붾떏???댁쨷?쇰줈 ?섏뿬 諛곗꽑?대굹 怨듭“ ?ㅻ퉬瑜?諛붾떏 ?섎???留ㅻ┰?????덈룄濡????쒖뒪?쒖??,?≪꽭???뚮줈??5.?ㅻ궡?붿옄???몃? 怨듦컙怨꾪쉷,5.?ㅻ궡?붿옄???몃? 怨듦컙怨꾪쉷,P.29,Rocky
01-05-2015,?낅Т ?⑥쑉???꾪빐 梨낆긽 ?꾨? 諛앷쾶 鍮꾩텛???ㅽ깲?쒖? 媛숈? 議곕챸 諛⑹떇??臾댁뾿?대씪 ?섎뒗媛? (?꾨컲 議곕챸怨??鍮꾨릺??媛쒕뀗),援?? 議곕챸 (Task),5.?ㅻ궡?붿옄???몃? 怨듦컙怨꾪쉷,P.29,Rocky
01-05-2016,?뚯궗???대?吏瑜??꾨떖?섎ŉ 諛⑸Ц媛앹쓣 泥섏쓬 留욎씠?섍퀬 ?덈궡?섎뒗 怨듦컙??,?덈궡 (Reception),5.?ㅻ궡?붿옄???몃? 怨듦컙怨꾪쉷,P.28,Rocky
01-05-2017,"吏곸썝?ㅼ쓽 ?댁떇?대굹 媛꾨떒??誘명똿, ?먯쑀濡쒖슫 ?뚰넻???대（?댁????ㅻぉ??怨듦컙??",?쇱슫吏,5.?ㅻ궡?붿옄???몃? 怨듦컙怨꾪쉷,"P.28, 35",Rocky
01-05-2018,"?ㅼ닔???몄썝??紐⑥뿬 ?뚯쓽???꾨젅?좏뀒?댁뀡??吏꾪뻾?섎뒗 怨듦컙?쇰줈, 李⑥쓬?깃낵 ?쒖껌媛??ㅻ퉬媛 以묒슂??怨녹??",?뚯쓽??5.?ㅻ궡?붿옄???몃? 怨듦컙怨꾪쉷,5.?ㅻ궡?붿옄???몃? 怨듦컙怨꾪쉷,P.28,Rocky
01-05-2019,?щТ湲곌린(蹂듭궗湲? ?꾨┛????? ?뚮즺 ?깆쓣 鍮꾩튂?섏뿬 怨듭슜?쇰줈 ?ъ슜?섎뒗 ?쒕퉬??怨듦컙??,?뺣퉬??(OA),5.?ㅻ궡?붿옄???몃? 怨듦컙怨꾪쉷,"P.28, 36",Rocky
01-05-2020,?곸뾽 怨듦컙?먯꽌 ?곹뭹??媛移섎? ?쒓컖?곸쑝濡??꾨떖?섍퀬 援щℓ ?뺢뎄瑜??먭레?섍린 ?꾪븳 ?꾨왂???붿뒪?뚮젅??怨꾪쉷??臾댁뾿?대씪 ?섎뒗媛? (VMD),VMD,5.?ㅻ궡?붿옄???몃? 怨듦컙怨꾪쉷,P.48,Rocky
01-05-2021,"嫄대Ъ???뺣㈃ ?멸????삵븯??留먮줈, ?곸젏???대?吏瑜?寃곗젙吏볥뒗 以묒슂???붿냼??",?뚯궗??5.?ㅻ궡?붿옄???몃? 怨듦컙怨꾪쉷,5.?ㅻ궡?붿옄???몃? 怨듦컙怨꾪쉷,"P.48, 56",Rocky
01-05-2022,留ㅼ옣 ?댁뿉 ???ㅻⅨ 釉뚮옖?쒕굹 留ㅼ옣???낆젏?섏뿬 ?댁쁺?섎뒗 ?뺥깭瑜?臾댁뾿?대씪 ?섎뒗媛?,?띿씤??5.?ㅻ궡?붿옄???몃? 怨듦컙怨꾪쉷,5.?ㅻ궡?붿옄???몃? 怨듦컙怨꾪쉷,P.48,Rocky
01-05-2023,怨좉컼??泥대쪟 ?쒓컙???섎━湲??꾪빐 留ㅼ옣 ?낃뎄?먯꽌 ?덉そ源뚯????숈꽑???대뼸寃?怨꾪쉷?섎뒗 寃껋씠 醫뗭?媛? (湲멸쾶/吏㏐쾶),湲멸쾶,5.?ㅻ궡?붿옄???몃? 怨듦컙怨꾪쉷,P.48,Rocky
01-05-2024,諛섎?濡?吏곸썝???숈꽑? ?낅Т ?⑥쑉???꾪빐 ?대뼸寃?怨꾪쉷?섎뒗 寃껋씠 醫뗭?媛? (湲멸쾶/吏㏐쾶),吏㏐쾶,5.?ㅻ궡?붿옄???몃? 怨듦컙怨꾪쉷,P.48,Rocky
01-05-2025,"?곹뭹??吏꾩뿴?섍퀬 ?섎궔?섍린 ?꾪빐 ?ъ슜?섎뒗 ?좊컲, ?됯굅, ?쇱??댁뒪 ?깆쓣 ?듭묶?섎뒗 ?⑹뼱??",吏묎린 (吏꾩뿴?),5.?ㅻ궡?붿옄???몃? 怨듦컙怨꾪쉷,P.49,Rocky
01-05-2026,?섎쪟 留ㅼ옣?먯꽌 怨좉컼???룹쓣 ?낆뼱蹂????덈룄濡?嫄곗슱怨?議곕챸??媛뽰텣 怨듦컙??,?쇳똿猷?5.?ㅻ궡?붿옄???몃? 怨듦컙怨꾪쉷,5.?ㅻ궡?붿옄???몃? 怨듦컙怨꾪쉷,P.50,Rocky
01-05-2027,?앹쓬 怨듦컙(?덉뒪?좊옉 ???먯꽌 ?앹옄?щ? 蹂닿??섍굅??議곕━ ?꾧뎄瑜??섎궔?섎뒗 李쎄퀬 怨듦컙??,?ы듃由?5.?ㅻ궡?붿옄???몃? 怨듦컙怨꾪쉷,5.?ㅻ궡?붿옄???몃? 怨듦컙怨꾪쉷,P.51,Rocky
01-05-2028,?뱀젙 ?곹뭹?대굹 吏꾩뿴?瑜??뗫낫?닿쾶 ?섍린 ?꾪빐 媛뺥븳 鍮쏆쓣 鍮꾩텛??議곕챸 湲곕쾿??,媛뺤“ 議곕챸,5.?ㅻ궡?붿옄???몃? 怨듦컙怨꾪쉷,P.52,Rocky
01-05-2029,?곸젏 怨꾪쉷 ??怨꾩궛?(Counter)??怨좉컼???섍?硫댁꽌 怨꾩궛?섍린 ?몃━?섍퀬 吏곸썝??留ㅼ옣 ?꾩껜瑜?愿留앺븷 ???덈뒗 ?꾩튂???대뵒??諛곗튂?섎뒗 寃껋씠 ?쇰컲?곸씤媛?,?낃뎄 洹쇱쿂,5.?ㅻ궡?붿옄???몃? 怨듦컙怨꾪쉷,P.49,Rocky
01-05-1930,泥쒖옣??留ㅻ┰?섏뼱 ?꾨옒濡?鍮쏆쓣 鍮꾩텛??議곕챸 湲곌뎄濡? 源붾걫??泥쒖옣硫댁쓣 ?곗텧????二쇰줈 ?ъ슜?섎뒗 寃껋??,?ㅼ슫?쇱씠??5.?ㅻ궡?붿옄???몃? 怨듦컙怨꾪쉷,5.?ㅻ궡?붿옄???몃? 怨듦컙怨꾪쉷,P.17,Rocky
01-05-1931,鍮쏆쓣 泥쒖옣?대굹 踰쎌뿉 諛섏궗?쒖폒 ?덈??ъ쓣 以꾩씠怨?遺?쒕윭??遺꾩쐞湲곕? 留뚮뱶??議곕챸 諛⑹떇??,媛꾩젒 議곕챸,5.?ㅻ궡?붿옄???몃? 怨듦컙怨꾪쉷,"P.8, 17, 34",Rocky
01-05-1932,"愿묒썝???됱쓣 ?섑??대뒗 ?섏튂(K, 耳덈퉰)濡? ??쓣?섎줉 遺됱????곕쑜??, ?믪쓣?섎줉 ?몃Ⅸ??李④??)???좊뒗 寃껋??",?됱삩??5.?ㅻ궡?붿옄???몃? 怨듦컙怨꾪쉷,5.?ㅻ궡?붿옄???몃? 怨듦컙怨꾪쉷,"P.8, 52",Rocky
01-05-1933,怨듦컙 ?붿옄????媛援щ굹 ?듬줈???ш린瑜?寃곗젙?섎뒗 湲곗????섎뒗 ?멸컙???좎껜 移섏닔? ?숈옉 踰붿쐞瑜??ㅻ（??遺꾩빞??,?몄껜 (移섏닔),5.?ㅻ궡?붿옄???몃? 怨듦컙怨꾪쉷,"P.6, 29",Rocky
01-05-1934,?ㅻ궡 留덇컧??以??붿옱 ??遺덉뿉 ???吏 ?딄굅???좏빐 媛??諛쒖깮???듭젣?섎뒗 ?깅뒫??媛吏??щ즺瑜?臾댁뾿?대씪 ?섎뒗媛?,?쒖뿰 (諛⑹뿼),5.?ㅻ궡?붿옄???몃? 怨듦컙怨꾪쉷,P.16,Rocky
01-05-1935,?꾩떆 怨듦컙?먯꽌 愿?뚭컼???숈꽑??瑗ъ씠吏 ?딄퀬 ??諛⑺뼢?쇰줈 ?먮Ⅴ?꾨줉 ?좊룄?섎뒗 ?숈꽑 怨꾪쉷??,?쇰갑?듯뻾,5.?ㅻ궡?붿옄???몃? 怨듦컙怨꾪쉷,P.55,Rocky
01-05-1936,?꾩떆臾쇱쓽 ?믪씠??愿?뚭컼???덈넂?대? 怨좊젮?섏뿬 諛붾떏?먯꽌 ??紐?cm ?믪씠??以묒떖???ㅻ룄濡??섎뒗 寃껋씠 ?쇰컲?곸씤媛? (??150cm ?댁쇅),150cm (?덈넂??,5.?ㅻ궡?붿옄???몃? 怨듦컙怨꾪쉷,P.56,Rocky
01-05-1937,?꾩떆 怨듦컙 議곕챸 ?? ?꾩떆臾?蹂댄샇瑜??꾪빐 ?먯쇅?좎씠????諛⑹텧???곸? 愿묒썝(?? LED)???ъ슜?댁빞 ?섎뒗 ?댁쑀??,蹂???먯긽 諛⑹?,5.?ㅻ궡?붿옄???몃? 怨듦컙怨꾪쉷,P.58,Rocky
01-05-1938,?명뀛 媛앹떎 怨꾪쉷 ?? ?몄쐢 踰좊뱶猷?Twin Bed Room)? 移⑤?媛 紐?媛??덈뒗 媛앹떎?멸??,2媛?5.?ㅻ궡?붿옄???몃? 怨듦컙怨꾪쉷,5.?ㅻ궡?붿옄???몃? 怨듦컙怨꾪쉷,P.60,Rocky
01-05-1939,?명뀛 濡쒕퉬??怨좉컼??泥댄겕???꾩썐肉먮쭔 ?꾨땲??留뚮궓怨??댁떇???대（?댁????명뀛???쇨뎬怨?媛숈? 怨듦컙?대떎. ?대? 臾댁뾿?대씪 ?섎뒗媛?,濡쒕퉬,5.?ㅻ궡?붿옄???몃? 怨듦컙怨꾪쉷,P.60,Rocky
01-05-1940,蹂묒썝 怨꾪쉷 ???섏옄???꾨씪?대쾭??蹂댄샇? 媛먯뿼 ?덈갑???꾪빐 吏꾨즺?ㅺ낵 ?湲곗떎???숈꽑???대뼸寃?泥섎━?댁빞 ?섎뒗媛?,遺꾨━,5.?ㅻ궡?붿옄???몃? 怨듦컙怨꾪쉷,P.65,Rocky
01-06-2001,怨듭궗 紐⑹쟻臾쇱쓣 ?꾩꽦?섍린 ?꾪빐 ?꾩슂???щ즺???섎웾怨????몃Т?????ㅺ퀎 ?꾨㈃怨??쒕갑?쒕? 洹쇨굅濡??곗텧?섎뒗 怨쇱젙??臾댁뾿?대씪 ?섎뒗媛?,?곸궛 (?섎웾 ?곗텧),6.?ㅻ궡?붿옄???ㅻТ?꾩꽌 ?묒꽦,P.3,Rocky
01-06-2002,"?⑥쐞 怨듭궗(?? 踰쎈룎 1???볤린, ???1??遺숈씠湲??????뚯슂?섎뒗 ?щ즺鍮? ?몃Т鍮? 寃쎈퉬瑜??곗텧?섏뿬 ?④?瑜?寃곗젙?섎뒗 ?쒕뒗?",?쇱쐞?媛??6.?ㅻ궡?붿옄???ㅻТ?꾩꽌 ?묒꽦,6.?ㅻ궡?붿옄???ㅻТ?꾩꽌 ?묒꽦,"P.51, 52",Rocky
01-06-2003,怨듭궗鍮?援ъ꽦 ?붿냼 以?吏곸젒 ?щ즺鍮꾩? 媛꾩젒 ?щ즺鍮꾩쓽 ?⑷퀎瑜?臾댁뾿?대씪 ?섎뒗媛?,?щ즺鍮?6.?ㅻ궡?붿옄???ㅻТ?꾩꽌 ?묒꽦,6.?ㅻ궡?붿옄???ㅻТ?꾩꽌 ?묒꽦,P.51,Rocky
01-06-2004,吏곸젒 怨듭궗鍮??쒓났?щ퉬)瑜?援ъ꽦?섎뒗 3媛吏 ?붿냼?? (OO鍮? OO鍮? OO),?щ즺鍮? ?몃Т鍮? 寃쎈퉬,6.?ㅻ궡?붿옄???ㅻТ?꾩꽌 ?묒꽦,P.51,Rocky
01-06-2005,"湲곗뾽???좎?瑜??꾪븳 愿由??쒕룞(蹂몄궗 ?댁쁺鍮? ?꾩썝 湲됱뿬 ?????뚯슂?섎뒗 鍮꾩슜?쇰줈, 蹂댄넻 ?쒓났?щ퉬???쇱젙 鍮꾩쑉濡?梨낆젙?섎뒗 寃껋??",媛꾩젒?щ즺鍮?6.?ㅻ궡?붿옄???ㅻТ?꾩꽌 ?묒꽦,6.?ㅻ궡?붿옄???ㅻТ?꾩꽌 ?묒꽦,P.51,Rocky
01-06-2006,怨듭궗 ?먭????댁쑄???뷀븳 湲덉븸??遺媛媛移섏꽭(VAT)瑜??ы븿??理쒖쥌 湲덉븸??臾댁뾿?대씪 ?섎뒗媛?,?쒓났?щ퉬,6.?ㅻ궡?붿옄???ㅻТ?꾩꽌 ?묒꽦,P.55,Rocky
01-06-2007,"?뺣???怨듦났湲곌??먯꽌 怨듭궗???덉젙 媛寃⑹쓣 ?곗젙?섍린 ?꾪빐 ?쒖젙??湲곗??쇰줈, ?⑥쐞 ?묒뾽???뚯슂?섎뒗 ?щ즺? ???몃룞????湲곗? ?섎웾??紐낆떆??寃껋??",?쇰컲愿由щ퉬,6.?ㅻ궡?붿옄???ㅻТ?꾩꽌 ?묒꽦,P.52,Rocky
01-06-2008,?섎웾 ?곗텧 ???щ즺???뚯넀?대굹 ?먯떎??怨좊젮?섏뿬 ?뺣? ?섎웾???쇱젙??鍮꾩쑉???뷀빐二쇰뒗 寃껋쓣 臾댁뾿?대씪 ?섎뒗媛?,?좎쬆,6.?ㅻ궡?붿옄???ㅻТ?꾩꽌 ?묒꽦,"P.31, 35, 46",Rocky
01-06-2009,?쒖? ?덉뀍???곕Ⅸ '?좊━'???좎쬆瑜좎? 紐?%?멸??,1%,6.?ㅻ궡?붿옄???ㅻТ?꾩꽌 ?묒꽦,P.42,Rocky
01-06-2010,?쒖? ?덉뀍???곕Ⅸ '?쒕찘??踰쎈룎'???좎쬆瑜좎? 紐?%?멸??,5%,6.?ㅻ궡?붿옄???ㅻТ?꾩꽌 ?묒꽦,P.32,Rocky
01-06-2011,?쒖? ?덉뀍???곕Ⅸ '????꾧린吏? ?먭린吏?'???좎쬆瑜좎? 紐?%?멸??,3%,6.?ㅻ궡?붿옄???ㅻТ?꾩꽌 ?묒꽦,P.32,Rocky
01-06-2012,?쒕찘?? 紐⑤옒 ?깆쓽 以묐웾 ?щ즺瑜??곗텧????二쇰줈 ?ъ슜?섎뒗 ?⑥쐞?? (g/kg/ton ??,kg (or ton),6.?ㅻ궡?붿옄???ㅻТ?꾩꽌 ?묒꽦,P.23,Rocky
01-06-2013,怨듭궗 ?꾩옣?먯꽌 湲곗??좎쓣 ?쒖떆?섍굅???꾩튂瑜??↔린 ?꾪빐 癒뱀쨪???뺢린???묒뾽??臾댁뾿?대씪 ?섎뒗媛?,癒밸ℓ源,6.?ㅻ궡?붿옄???ㅻТ?꾩꽌 ?묒꽦,P.25,Rocky
01-06-2014,泥좉굅 怨듭궗 ??諛쒖깮?섎뒗 ?먯퐯?щ━?? ?먮ぉ???깆쓣 泥섎━?섎뒗 鍮꾩슜??臾댁뾿?대씪 ?섎뒗媛?,?먭린臾?泥섎━鍮?6.?ㅻ궡?붿옄???ㅻТ?꾩꽌 ?묒꽦,6.?ㅻ궡?붿옄???ㅻТ?꾩꽌 ?묒꽦,P.25,Rocky
01-06-2015,議곗쟻 怨듭궗(踰쎈룎 ?볤린) ?섎웾 ?곗텧 ?? 媛쒓뎄遺(李? 臾???硫댁쟻? ?꾩껜 踰?硫댁쟻?먯꽌 ?대뼸寃?泥섎━?섎뒗媛? (怨듭젣?쒕떎/?ы븿?쒕떎),怨듭젣?쒕떎,6.?ㅻ궡?붿옄???ㅻТ?꾩꽌 ?묒꽦,P.31,Rocky
01-06-2016,"?꾩옣 怨듭궗(?섏씤?? 寃ъ쟻 ?? ?щ즺鍮??몄뿉 諛뷀깢 泥섎━(?쇳떚, ?뚮뵫) ?깆뿉 ?ㅼ뼱媛???덉? ?대뵒???ы븿?섎뒗媛?",?몃Т鍮?(?꾩옣怨듭엫),6.?ㅻ궡?붿옄???ㅻТ?꾩꽌 ?묒꽦,P.46,Rocky
01-06-2017,?쇰컲?곸쑝濡?遺媛媛移섏꽭(VAT)??怨듭궗鍮?珥앹븸??紐?%濡??곸슜?섎뒗媛?,10%,6.?ㅻ궡?붿옄???ㅻТ?꾩꽌 ?묒꽦,P.52,Rocky
01-06-2018,"?ㅼ젣 ?쒓났???ъ엯?섎뒗 鍮꾩슜???덉륫?섏뿬 ?묒꽦?섎뒗 ?덉궛?쒕줈, ?꾧툒 ?댁뿭?쒖???援щ퀎?섏뼱 ?뚯궗 ?대? 愿由ъ뿉 ?ъ슜?섎뒗 寃껋??",?ㅽ뻾?덉궛??6.?ㅻ궡?붿옄???ㅻТ?꾩꽌 ?묒꽦,6.?ㅻ궡?붿옄???ㅻТ?꾩꽌 ?묒꽦,P.55,Rocky
01-06-2019,"?꾨㈃???쒓린?섍린 ?섎뱺 ?щ즺???덉쭏, ?쒓났 諛⑸쾿, 二쇱쓽 ?ы빆 ?깆쓣 湲濡??곸꽭?섍쾶 湲곕줉??臾몄꽌瑜?臾댁뾿?대씪 ?섎뒗媛?",?쒕갑??6.?ㅻ궡?붿옄???ㅻТ?꾩꽌 ?묒꽦,6.?ㅻ궡?붿옄???ㅻТ?꾩꽌 ?묒꽦,P.63,Rocky
01-06-2020,援?넗援먰넻遺?먯꽌 ?쒖젙??寃껋쑝濡? 嫄댁텞 怨듭궗 ?꾨컲??嫄몄튇 ?쇰컲?곸씠怨?怨듯넻?곸씤 湲곗???紐낆떆???쒕갑?쒕뒗?,?쒖??쒕갑??6.?ㅻ궡?붿옄???ㅻТ?꾩꽌 ?묒꽦,6.?ㅻ궡?붿옄???ㅻТ?꾩꽌 ?묒꽦,P.63,Rocky
01-06-2021,?뱀젙 怨듭궗???꾨줈?앺듃???뱀닔?깆쓣 諛섏쁺?섏뿬 ?쒖??쒕갑?쒖쓽 ?댁슜??蹂댁셿?섍굅??援ъ껜?뷀븯???묒꽦???쒕갑?쒕뒗?,?밴린?쒕갑??6.?ㅻ궡?붿옄???ㅻТ?꾩꽌 ?묒꽦,6.?ㅻ궡?붿옄???ㅻТ?꾩꽌 ?묒꽦,P.63,Rocky
01-06-2022,"?쒕갑???묒꽦 ???щ즺???덉쭏 湲곗???紐낆떆???? ""KS ?쒗뭹 ?먮뒗 ?댁? OO ?댁긽???덉쭏??媛吏??쒗뭹""?대씪怨??쒓린?섎뒗?? 鍮덉뭏???ㅼ뼱媛?留먯??",?숇벑 (?숇벑 ?댁긽),6.?ㅻ궡?붿옄???ㅻТ?꾩꽌 ?묒꽦,P.64 (李멸퀬吏??,Rocky
01-06-2023,"?쒕갑???댁슜 以?怨듭궗 媛쒖슂, ?꾩옣 愿由? ?덉쟾 愿由? ?쒖텧臾???怨듯넻?곸씤 ?됱젙 ?ы빆???ㅻ（????ぉ??",?쇰컲 ?ы빆,6.?ㅻ궡?붿옄???ㅻТ?꾩꽌 ?묒꽦,P.65,Rocky
01-06-2024,怨듭궗??吏꾪뻾 ?쒖꽌? ?쇱젙??怨꾪쉷?섏뿬 ?꾪몴濡??섑???寃껋쑝濡? 怨듦린 以?섎? ?꾪븳 愿由??꾧뎄??,怨듭젙??6.?ㅻ궡?붿옄???ㅻТ?꾩꽌 ?묒꽦,6.?ㅻ궡?붿옄???ㅻТ?꾩꽌 ?묒꽦,P.79,Rocky
01-06-2025,"媛濡쒖텞???좎쭨, ?몃줈異뺤뿉 怨듭쥌???섏뿴?섍퀬 留됰?(Bar) ?뺥깭濡?怨듭궗 湲곌컙???쒖떆?섎뒗 媛??蹂댄렪?곸씤 怨듭젙?쒕뒗?",?≪꽑??(Bar Chart),6.?ㅻ궡?붿옄???ㅻТ?꾩꽌 ?묒꽦,P.79,Rocky
01-06-2026,?묒뾽(Activity) 媛꾩쓽 ?곌껐 愿怨꾨? ?붿궡?쒖? ?몃뱶濡??쒖떆?섏뿬 ?묒뾽???쒖꽌? ?곹샇 ?섏〈?깆쓣 紐낇솗??蹂댁뿬二쇰뒗 ?ㅽ듃?뚰겕 怨듭젙??湲곕쾿??,CPM,6.?ㅻ궡?붿옄???ㅻТ?꾩꽌 ?묒꽦,P.79,Rocky
01-06-2027,?ㅽ듃?뚰겕 怨듭젙?쒖뿉???ъ쑀 ?쒓컙???녿뒗 寃쎈줈濡? ?꾩껜 怨듭궗 湲곌컙??寃곗젙吏볥뒗 媛??湲?寃쎈줈瑜?臾댁뾿?대씪 ?섎뒗媛? (Critical Path),二쇨났?뺤꽑 (CP),6.?ㅻ궡?붿옄???ㅻТ?꾩꽌 ?묒꽦,P.79,Rocky
01-06-2028,?대뼡 ?묒뾽???쒖옉?섍린 ?꾪빐 諛섎뱶??癒쇱? ?꾨즺?섏뼱???섎뒗 諛붾줈 ???④퀎???묒뾽??臾댁뾿?대씪 ?섎뒗媛? (OO ?묒뾽),?좏뻾 (?묒뾽),6.?ㅻ궡?붿옄???ㅻТ?꾩꽌 ?묒꽦,P.84,Rocky
01-06-2029,怨듭젙???묒꽦 ??媛??묒뾽???섑뻾?섎뒗 ??嫄몃━???쒓컙??臾댁뾿?대씪 ?섎뒗媛?,?뚯슂 ?쒓컙 (Duration),6.?ㅻ궡?붿옄???ㅻТ?꾩꽌 ?묒꽦,P.84,Rocky
01-06-1930,怨듭궗 吏꾪뻾 以??ㅼ젣 怨듭젙??怨꾪쉷蹂대떎 ??뼱議뚯쓣 ?? ?대? ?뺤긽 沅ㅻ룄濡??뚮젮?볤린 ?꾪빐 ?섎┰?섎뒗 ?梨낆??,留뚰쉶 ?梨?6.?ㅻ궡?붿옄???ㅻТ?꾩꽌 ?묒꽦,6.?ㅻ궡?붿옄???ㅻТ?꾩꽌 ?묒꽦,P.79,Rocky
01-06-1931,?ㅽ듃?뚰겕 怨듭젙?쒖뿉???묒뾽???쒖옉怨??앹쓣 ?섑??대뒗 ??Node)??臾댁뾿?대씪 ?섎뒗媛? (二쇰줈 ?먯쑝濡??쒖떆),?대깽??(Event),6.?ㅻ궡?붿옄???ㅻТ?꾩꽌 ?묒꽦,P.80,Rocky
01-06-1932,?ㅼ젣 ?묒뾽? ?꾨땲吏留??묒뾽 媛꾩쓽 ?쇰━???곌껐 愿怨??쒖꽌)留뚯쓣 ?쒖떆?섍린 ?꾪빐 ?먯꽑 ?붿궡?쒕줈 ?섑??대뒗 媛?곸쓽 ?묒뾽??,?붾? (Dummy),6.?ㅻ궡?붿옄???ㅻТ?꾩꽌 ?묒꽦,P.80,Rocky
01-06-1933,怨듭궗 湲곌컙??以꾩씠湲??꾪빐 二쇨났?뺤꽑?곸쓽 ?묒뾽 ?쒓컙??以꾩씠嫄곕굹 ?먯썝??異붽? ?ъ엯?섎뒗 寃껋쓣 怨듦린 OO?대씪 ?쒕떎.,?⑥텞,6.?ㅻ궡?붿옄???ㅻТ?꾩꽌 ?묒꽦,P.90,Rocky
01-06-1934,?꾩껜 怨듭궗 湲곌컙 以?媛??鍮꾩슜(吏곸젒鍮????곴쾶 ?쒕뒗 理쒖쟻??怨듭궗 湲곌컙??李얘린 ?꾪빐 鍮꾩슜怨??쒓컙??愿怨꾨? 遺꾩꽍?섎뒗 寃껋??,怨듦린-鍮꾩슜 遺꾩꽍 (MCX),6.?ㅻ궡?붿옄???ㅻТ?꾩꽌 ?묒꽦,P.91,Rocky
01-06-1935,"怨듭궗 ?꾨즺 ??諛쒖＜?먯뿉寃??쒖텧?섎뒗 ?쒕쪟濡? 理쒖쥌 怨듭궗鍮??뺤궛 ?댁뿭, 以怨??꾨㈃, ?ъ쭊 ??? 媛곸쥌 ?꾩쬆 ?깆쓣 ?ы븿?섎뒗 ?꾩꽌??",以怨??꾩꽌,6.?ㅻ궡?붿옄???ㅻТ?꾩꽌 ?묒꽦,P.95,Rocky
01-06-1936,以怨??꾨㈃ ?묒꽦 ?? ?ㅺ퀎 蹂寃??깆쑝濡??명빐 ?뱀큹 ?ㅺ퀎 ?꾨㈃怨??щ씪吏?遺遺꾩쓣 諛섏쁺?섏뿬 ?ㅼ젣 ?쒓났???곹깭?濡?洹몃┛ ?꾨㈃??臾댁뾿?대씪 ?섎뒗媛?,以怨듬룄 (As-Built Drawing),6.?ㅻ궡?붿옄???ㅻТ?꾩꽌 ?묒꽦,P.95,Rocky
01-06-1937,"怨듭궗 ?꾨즺 ???좎? 愿由щ? ?꾪빐 留덇컧?ъ쓽 醫낅쪟, 愿由?諛⑸쾿, 援먯껜 二쇨린 ?깆쓣 ?뺣━?섏뿬 嫄댁텞二쇱뿉寃??꾨떖?섎뒗 臾몄꽌??",?좎?愿由?吏移⑥꽌,6.?ㅻ궡?붿옄???ㅻТ?꾩꽌 ?묒꽦,P.96,Rocky
01-06-1938,?ㅻ궡 ?붿옄???꾨줈?앺듃??理쒖쥌 ?④퀎?먯꽌 怨듭궗 ?꾪썑??紐⑥뒿??鍮꾧탳?섍퀬 ?깃낵瑜?湲곕줉?섍린 ?꾪빐 珥ъ쁺?섎뒗 寃껋??,以怨??ъ쭊,6.?ㅻ궡?붿옄???ㅻТ?꾩꽌 ?묒꽦,P.95,Rocky
01-06-1939,?쒓났 以묒뿉 諛쒖깮???섏옄 蹂댁쬆???꾪빐 ?쒓났?먭? 諛쒖＜?먯뿉寃??쒖텧?섎뒗 利앹꽌?? (?섏옄蹂댁닔蹂댁쬆利앷텒 ??,?섏옄 ?댄뻾 蹂댁쬆??6.?ㅻ궡?붿옄???ㅻТ?꾩꽌 ?묒꽦,6.?ㅻ궡?붿옄???ㅻТ?꾩꽌 ?묒꽦,P.98,Rocky
01-06-1940,?꾨줈?앺듃 醫낅즺 ???섑뻾 怨쇱젙?먯꽌???섎맂 ?먭낵 ?섎せ???먯쓣 遺꾩꽍?섏뿬 ?ν썑 ?꾨줈?앺듃??李멸퀬 ?먮즺濡??쇨린 ?꾪빐 ?묒꽦?섎뒗 蹂닿퀬?쒕뒗?,?꾨즺 蹂닿퀬??(?됯? 蹂닿퀬??,6.?ㅻ궡?붿옄???ㅻТ?꾩꽌 ?묒꽦,P.99,Rocky
01-07-2001,而댄벂?곕? ?쒖슜?섏뿬 ?ㅺ퀎 ?꾨㈃???뺣??섍쾶 ?묒꽦?섎뒗 ?쒖뒪?쒖쓣 臾댁뾿?대씪 ?섎뒗媛? (?쎌뼱 3湲??,CAD,7.?ㅻ궡?붿옄???ㅺ퀎?꾩꽌 ?묒꽦,P.41,Rocky
01-07-2002,"CAD?먯꽌 ?꾨㈃??洹몃┫ ?? ?붾㈃?곸쓽 ?덈??곸씤 ?먯젏(0,0)??湲곗??쇰줈 醫뚰몴媛믪쓣 ?낅젰?섎뒗 諛⑹떇??臾댁뾿?대씪 ?섎뒗媛?",?덈? 醫뚰몴,7.?ㅻ궡?붿옄???ㅺ퀎?꾩꽌 ?묒꽦,P.41,Rocky
01-07-2003,CAD 紐낅졊??以? ?좎씠??媛앹껜瑜??먮Ⅴ嫄곕굹 遺덊븘?뷀븳 遺遺꾩쓣 ?쒓굅?????ъ슜?섎뒗 紐낅졊?대뒗? (?⑥텞??TR),Trim,7.?ㅻ궡?붿옄???ㅺ퀎?꾩꽌 ?묒꽦,P.71,Rocky
01-07-2004,CAD?먯꽌 ?됲뻾???좎쓣 ?쇱젙??媛꾧꺽?쇰줈 蹂듭궗?????ъ슜?섎뒗 紐낅졊?대뒗? (?⑥텞??O),Offset,7.?ㅻ궡?붿옄???ㅺ퀎?꾩꽌 ?묒꽦,P.71,Rocky
01-07-2005,"?꾨㈃??媛??붿냼(踰쎌껜, 媛援? 移섏닔, 臾몄옄 ??瑜??깃꺽蹂꾨줈 援щ텇?섏뿬 ?됱긽, ??醫낅쪟 ?깆쓣 愿由ы븯??湲곕뒫??臾댁뾿?대씪 ?섎뒗媛? (?덉씠??/ OO)",?덉씠??(?꾨㈃痢?,7.?ㅻ궡?붿옄???ㅺ퀎?꾩꽌 ?묒꽦,P.71,Rocky
01-07-2006,?꾨㈃??異쒕젰?????좎쓽 援듦린? ?됱긽??吏?뺥븯???ㅼ젙 ?뚯씪??臾댁뾿?대씪 ?섎뒗媛? (?뺤옣??.ctb),CTB (Plot Style),7.?ㅻ궡?붿옄???ㅺ퀎?꾩꽌 ?묒꽦,P.71,Rocky
01-07-2007,"諛붾떏?먯꽌 ??1.2~1.5m ?믪씠?먯꽌 ?섑룊?쇰줈 ?덈떒?섏뿬 ?대젮?ㅻ낯 ?꾨㈃?쇰줈, 怨듦컙??諛곗튂? 援ъ꽦??媛????蹂댁뿬二쇰뒗 ?꾨㈃??",?됰㈃??7.?ㅻ궡?붿옄???ㅺ퀎?꾩꽌 ?묒꽦,7.?ㅻ궡?붿옄???ㅺ퀎?꾩꽌 ?묒꽦,P.42,Rocky
01-07-2008,"?ㅻ궡 怨듦컙??泥쒖옣 ?붿옄?? 議곕챸 湲곌뎄 ?꾩튂, ?먭?援? ?ㅻ퉬 ?꾩튂 ?깆쓣 ?쒖떆???꾨㈃??",泥쒖옣??7.?ㅻ궡?붿옄???ㅺ퀎?꾩꽌 ?묒꽦,7.?ㅻ궡?붿옄???ㅺ퀎?꾩꽌 ?묒꽦,P.50,Rocky
01-07-2009,"?ㅻ궡??媛?踰쎈㈃???뺣㈃?먯꽌 諛붾씪蹂?紐⑥뼇??洹몃┛ ?꾨㈃?쇰줈, 踰쎈㈃ 留덇컧, 媛援??낅㈃, 李쏀샇 ?뺥깭 ?깆쓣 ?쒗쁽?섎뒗 ?꾨㈃??",?낅㈃??7.?ㅻ궡?붿옄???ㅺ퀎?꾩꽌 ?묒꽦,7.?ㅻ궡?붿옄???ㅺ퀎?꾩꽌 ?묒꽦,"P.42, 51",Rocky
01-07-2010,嫄대Ъ???섏쭅 援ъ“? ?믪씠 愿怨? 留덇컧?ъ쓽 ?먭퍡 ?깆쓣 ?뚯븙?섍린 ?꾪빐 ?섏쭅?쇰줈 ?덈떒?섏뿬 洹?由??꾨㈃??,?⑤㈃??7.?ㅻ궡?붿옄???ㅺ퀎?꾩꽌 ?묒꽦,7.?ㅻ궡?붿옄???ㅺ퀎?꾩꽌 ?묒꽦,"P.42, 51",Rocky
01-07-2011,?뱀젙 遺遺꾩쓽 援ъ“??留덇컧 ?깆쓣 ?뺣??섏뿬 ?먯꽭?섍쾶 ?쒗쁽???꾨㈃??,?곸꽭??7.?ㅻ궡?붿옄???ㅺ퀎?꾩꽌 ?묒꽦,7.?ㅻ궡?붿옄???ㅺ퀎?꾩꽌 ?묒꽦,P.42,Rocky
01-07-2012,"媛援ъ쓽 諛곗튂, ?뺥깭, ?ш린, ?섎웾 ?깆쓣 蹂댁뿬二쇨린 ?꾪빐 ?묒꽦?섎뒗 ?됰㈃?꾨뒗?",媛援??됰㈃??7.?ㅻ궡?붿옄???ㅺ퀎?꾩꽌 ?묒꽦,7.?ㅻ궡?붿옄???ㅺ퀎?꾩꽌 ?묒꽦,P.42,Rocky
01-07-2013,踰쎌껜??湲곕뫁??以묒떖???쒖떆?섎뒗 ?좎쑝濡? 1???꾩꽑?쇰줈 ?쒗쁽?섎뒗 寃껋??,以묒떖??7.?ㅻ궡?붿옄???ㅺ퀎?꾩꽌 ?묒꽦,7.?ㅻ궡?붿옄???ㅺ퀎?꾩꽌 ?묒꽦,P.46,Rocky
01-07-2014,臾쇱껜??蹂댁씠吏 ?딅뒗 遺遺꾩쓣 ?쒖떆?????ъ슜?섎뒗 ?좎쓽 醫낅쪟?? (?먯꽑),???(Hidden Line),7.?ㅻ궡?붿옄???ㅺ퀎?꾩꽌 ?묒꽦,P.42,Rocky
01-07-2015,"?꾨㈃???ㅻⅨ履??섎떒???꾨㈃紐? 異뺤쿃, ?ㅺ퀎?? ?좎쭨, ?꾨㈃ 踰덊샇 ?깆쓣 湲곗엯?섎뒗 移몄쓣 臾댁뾿?대씪 ?섎뒗媛?",?쒖젣?,7.?ㅻ궡?붿옄???ㅺ퀎?꾩꽌 ?묒꽦,P.48,Rocky
01-07-2016,嫄댁텞 諛??ㅻ궡嫄댁텞 ?꾨㈃?먯꽌 ?ъ슜?섎뒗 移섏닔??湲곕낯 ?⑥쐞??,mm,7.?ㅻ궡?붿옄???ㅺ퀎?꾩꽌 ?묒꽦,"P.22, 70",Rocky
01-07-2017,?꾨㈃??諛⑹쐞瑜??쒖떆???? ?붿궡?쒓? 媛由ы궎??諛⑺뼢? 湲곕낯?곸쑝濡??대뵒?멸??,遺곸そ,7.?ㅻ궡?붿옄???ㅺ퀎?꾩꽌 ?묒꽦,P.46,Rocky
01-07-2018,移섏닔?? 移섏닔 蹂댁“?? 吏?쒖꽑 ?깆쓣 洹몃┫ ???ъ슜?섎뒗 ?좎쓽 援듦린 醫낅쪟?? (媛???ㅼ꽑/援듭? ?ㅼ꽑),?ㅼ꽑 (媛???ㅼ꽑),7.?ㅻ궡?붿옄???ㅺ퀎?꾩꽌 ?묒꽦,P.70 (?쒕룄 ?듭튃 李몄“),Rocky
01-07-2019,?꾨㈃?먯꽌 ?щ즺???⑤㈃?대굹 ?ъ쭏媛먯쓣 ?쒗쁽?섍린 ?꾪빐 ?ｋ뒗 臾대뒳???⑦꽩??臾댁뾿?대씪 ?섎뒗媛?,?댁튂 (Hatch),7.?ㅻ궡?붿옄???ㅺ퀎?꾩꽌 ?묒꽦,P.41,Rocky
01-07-2020,?꾨㈃?먯꽌 ?щ즺???먭퍡瑜??쒖떆?????レ옄 ?욎뿉 遺숈씠???쎌뼱??,THK (?먭퍡),7.?ㅻ궡?붿옄???ㅺ퀎?꾩꽌 ?묒꽦,P.52,Rocky
01-07-2021,媛濡?Width)? ?믪씠(Height)瑜??섑??대뒗 ?곷Ц ?쎌뼱??媛곴컖 臾댁뾿?멸??,"W (Width), H (Height)",7.?ㅻ궡?붿옄???ㅺ퀎?꾩꽌 ?묒꽦,"P.21, 48",Rocky
01-07-2022,諛붾떏 留덇컧硫댁쓽 ?믪씠瑜??섑??대뒗 ?쎌뼱??,F.L (Floor Level),7.?ㅻ궡?붿옄???ㅺ퀎?꾩꽌 ?묒꽦,"P.23, 50",Rocky
01-07-2023,泥쒖옣???믪씠瑜??섑??대뒗 ?쎌뼱??,C.H (Ceiling Height),7.?ㅻ궡?붿옄???ㅺ퀎?꾩꽌 ?묒꽦,"P.23, 50",Rocky
01-07-2024,?낅㈃?꾨굹 ?꾧컻?꾨? 洹몃┫ ?? 媛??癒쇱? 湲곗????섎뒗 ?좎쑝濡?諛붾떏 留덇컧?좎쓣 ?섎??섎뒗 寃껋??,諛붾떏,7.?ㅻ궡?붿옄???ㅺ퀎?꾩꽌 ?묒꽦,"P.56, 61",Rocky
01-07-2025,"3D ?꾨줈洹몃옩(SketchUp, Max ?????ъ슜?섏뿬 怨듦컙???뺥깭瑜??낆껜?곸쑝濡?留뚮뱶???묒뾽??臾댁뾿?대씪 ?섎뒗媛?",紐⑤뜽留?7.?ㅻ궡?붿옄???ㅺ퀎?꾩꽌 ?묒꽦,7.?ㅻ궡?붿옄???ㅺ퀎?꾩꽌 ?묒꽦,"P.41, 45",Rocky
01-07-2026,紐⑤뜽留곷맂 ?곗씠?곗뿉 ?ъ쭏怨?議곕챸???낇? ?ㅼ젣 ?ъ쭊怨?媛숈? ?대?吏瑜?留뚮뱾?대궡??怨쇱젙??,?뚮뜑留?7.?ㅻ궡?붿옄???ㅺ퀎?꾩꽌 ?묒꽦,7.?ㅻ궡?붿옄???ㅺ퀎?꾩꽌 ?묒꽦,"P.45, 55",Rocky
01-07-2027,?ъ떆?꾩뿉??臾쇱껜???곗옣?좎씠 ???먯쑝濡?紐⑥씠??怨녹쓣 臾댁뾿?대씪 ?섎뒗媛?,?뚯떎??7.?ㅻ궡?붿옄???ㅺ퀎?꾩꽌 ?묒꽦,7.?ㅻ궡?붿옄???ㅺ퀎?꾩꽌 ?묒꽦,P.45,Rocky
01-07-2028,"?щ엺???덈넂????1.5m)?먯꽌 諛붾씪蹂??쒖젏?쇰줈, ?ㅻ궡 怨듦컙??媛???먯뿰?ㅻ읇寃??쒗쁽?섎뒗 ?ъ떆???쒖젏??",?대㉫ (Human Eye),7.?ㅻ궡?붿옄???ㅺ퀎?꾩꽌 ?묒꽦,P.45,Rocky
01-07-2029,"?덇? ?섎뒛?먯꽌 ?대젮?ㅻ낫????븳 ?쒖젏?쇰줈, 怨듦컙 ?꾩껜??諛곗튂瑜??쒕늿??蹂????덈뒗 ?ъ떆???쒖젏?? (議곌컧???쒖젏)",踰꾨뱶 (Bird's Eye),7.?ㅻ궡?붿옄???ㅺ퀎?꾩꽌 ?묒꽦,P.45,Rocky
01-07-1930,?됱콈 怨꾪쉷 ?깆쓣 ?쒗쁽?섍린 ?꾪빐 ?꾨㈃??留덇컧?ъ쓽 ?ㅼ젣 ?대?吏???됱긽??遺숈뿬 援ъ꽦??蹂대뱶瑜?臾댁뾿?대씪 ?섎뒗媛? (?щ즺 留덇컧??蹂대뱶),留덇컧??蹂대뱶,7.?ㅻ궡?붿옄???ㅺ퀎?꾩꽌 ?묒꽦,P.61,Rocky
01-07-1931,"3D 紐⑤뜽留곸뿉??臾쇱껜 ?쒕㈃???ъ쭏(?섎Т, ?? 湲덉냽 ?? ?대?吏瑜??낇엳???묒뾽??臾댁뾿?대씪 ?섎뒗媛?",留ㅽ븨 (Mapping),7.?ㅻ궡?붿옄???ㅺ퀎?꾩꽌 ?묒꽦,P.45,Rocky
01-07-1932,"?ㅻ궡 怨듦컙??議곕챸 ?④낵瑜?誘몃━ ?쒕??덉씠?섑빐 蹂????덈뒗 3D ?뚮뜑留?愿???⑹뼱?? (GI, V-Ray ???쒖슜)",議곕챸 ?쒕??덉씠??7.?ㅻ궡?붿옄???ㅺ퀎?꾩꽌 ?묒꽦,7.?ㅻ궡?붿옄???ㅺ퀎?꾩꽌 ?묒꽦,P.55,Rocky
01-07-1933,CAD ?꾨㈃???ㅻⅨ ?꾨줈洹몃옩(?쇰윭?ㅽ듃?덉씠?? ?ы넗?????쇰줈 ?명솚?섍린 ?꾪빐 二쇰줈 ?ъ슜?섎뒗 ?뚯씪 ?뺤떇?? (?뺤옣??,"PDF, EPS, DXF",7.?ㅻ궡?붿옄???ㅺ퀎?꾩꽌 ?묒꽦,P.68,Rocky
01-07-1934,?꾨㈃ 異쒕젰 ??異뺤쿃??留욎텛湲??꾪빐 醫낆씠 ?ш린? ?꾨㈃ ?ш린??鍮꾩쑉???ㅼ젙?섎뒗 寃껋쓣 臾댁뾿?대씪 ?섎뒗媛? (Scale),異뺤쿃 ?ㅼ젙,7.?ㅻ궡?붿옄???ㅺ퀎?꾩꽌 ?묒꽦,P.69,Rocky
01-07-1935,?щ윭 ?μ쓽 ?꾨㈃??臾띠뼱 梨낆옄濡?留뚮뱺 寃껋쓣 臾댁뾿?대씪 ?섎뒗媛?,?ㅺ퀎 ?꾩꽌 (?꾨㈃吏?,7.?ㅻ궡?붿옄???ㅺ퀎?꾩꽌 ?묒꽦,P.3,Rocky
01-07-1936,"?ㅺ퀎 ?꾩꽌???ы븿?섏뼱?????댁슜 以? 怨듭궗???ъ슜???щ즺??醫낅쪟, ?덉쭏, ?쒓났 諛⑸쾿 ?깆쓣 湲곕줉??臾몄꽌??",?쒕갑??7.?ㅻ궡?붿옄???ㅺ퀎?꾩꽌 ?묒꽦,7.?ㅻ궡?붿옄???ㅺ퀎?꾩꽌 ?묒꽦,P.3,Rocky
01-07-1937,?꾨㈃ 紐⑸줉??Drawing List)???ㅺ퀎 ?꾩꽌???대뒓 ?꾩튂??二쇰줈 ?ㅼ뼱媛?붽??,留???(?쒖? ?ㅼ쓬),7.?ㅻ궡?붿옄???ㅺ퀎?꾩꽌 ?묒꽦,P.3,Rocky
01-07-1938,?꾨㈃???섏젙 ?ы빆??諛쒖깮?덉쓣 ?? ?섏젙 ?댁슜怨??좎쭨瑜?湲곕줉?섎뒗 ?쒖젣?????ぉ??,Revision (媛쒖젙),7.?ㅻ궡?붿옄???ㅺ퀎?꾩꽌 ?묒꽦,P.48,Rocky
01-07-1939,?ㅼ떆 ?ㅺ퀎 ?꾨㈃ ?묒꽦 ??媛??以묒슂???먯튃?? (?쒓났?먭? ?뚯븘蹂????덈룄濡?00?섍퀬 00?섍쾶 ?묒꽦),"?뺥솗, 紐낅즺",7.?ㅻ궡?붿옄???ㅺ퀎?꾩꽌 ?묒꽦,P.5,Rocky
01-07-1940,?꾨㈃???묒뼱??蹂닿????? ?쒖젣???寃됱쑝濡??쒕윭?섎룄濡??묐뒗 ?ш린??湲곗????섎뒗 ?⑹? 洹쒓꺽?? (A4),A4,7.?ㅻ궡?붿옄???ㅺ퀎?꾩꽌 ?묒꽦,P.75,Rocky
01-08-2001,?ㅺ퀎?먯쓽 ?붿옄???섎룄? 怨꾪쉷???대씪?댁뼵?몄뿉寃??꾨떖?섍퀬 ?ㅻ뱷?섏뿬 ?⑸━?곸씤 ?섏궗 寃곗젙???대걣?대궡???쇰젴??怨쇱젙??臾댁뾿?대씪 ?섎뒗媛?,?꾨젅?좏뀒?댁뀡,8.?ㅻ궡嫄댁텞?ㅺ퀎 ?꾨젅?좏뀒?댁뀡,P.3,Rocky
01-08-2002,"?꾨젅?좏뀒?댁뀡??3?붿냼 以? '臾댁뾿??Content)', '?대뼸寃?Delivery)', '?쒓컖??Visualization)' ?몄뿉 媛??以묒슂???붿냼濡? ?꾧뎄?먭쾶 諛쒗몴?섎뒗媛瑜??삵븯??寃껋??",泥?쨷,8.?ㅻ궡嫄댁텞?ㅺ퀎 ?꾨젅?좏뀒?댁뀡,P.5,Rocky
01-08-2003,?꾨젅?좏뀒?댁뀡 ?쒕굹由ъ삤 援ъ꽦??3?④퀎??,蹂몃줎,8.?ㅻ궡嫄댁텞?ㅺ퀎 ?꾨젅?좏뀒?댁뀡,P.7,Rocky
01-08-2004,泥?쨷???λ?瑜??좊컻?섍퀬 ?꾩껜?곸씤 怨꾪쉷???ㅺ낸???뚭컻?섎뒗 ?꾩엯遺 ?④퀎瑜?臾댁뾿?대씪 ?섎뒗媛?,?쒕줎,8.?ㅻ궡嫄댁텞?ㅺ퀎 ?꾨젅?좏뀒?댁뀡,P.7,Rocky
01-08-2005,?꾨젅?좏뀒?댁뀡 湲고쉷 ???꾩껜 紐⑺몴瑜??ъ꽦?섍린 ?꾪빐 ?ㅼ젙?섎뒗 ?듭떖 二쇱젣?대굹 紐⑦떚釉뚮? 臾댁뾿?대씪 ?섎뒗媛?,?좏뵿 (?ㅼ썙??,8.?ㅻ궡嫄댁텞?ㅺ퀎 ?꾨젅?좏뀒?댁뀡,P.10,Rocky
01-08-2006,?댁빞湲곗쓽 ?먮쫫???듯빐 ?쇰━?곸쑝濡??댁슜???꾨떖?섏뿬 泥?쨷??紐곗엯?쒗궎??湲곕쾿??臾댁뾿?대씪 ?섎뒗媛?,?ㅽ넗由ы뀛留?8.?ㅻ궡嫄댁텞?ㅺ퀎 ?꾨젅?좏뀒?댁뀡,8.?ㅻ궡嫄댁텞?ㅺ퀎 ?꾨젅?좏뀒?댁뀡,P.7,Rocky
01-08-2007,"?꾨젅?좏뀒?댁뀡 ?먮즺 議곗궗 諛⑸쾿 以? ?꾩옣??吏곸젒 諛⑸Ц?섏뿬 二쇰? ?섍꼍, ?낆? 議곌굔, ?ъ슜???됲깭 ?깆쓣 議곗궗?섎뒗 寃껋??",?꾩옣 議곗궗,8.?ㅻ궡嫄댁텞?ㅺ퀎 ?꾨젅?좏뀒?댁뀡,P.15,Rocky
01-08-2008,?섏쭛???뺣낫? ?꾩씠?붿뼱瑜??쒓컖?곸쑝濡??뺣━?섏뿬 ?꾨젅?좏뀒?댁뀡???꾩껜?곸씤 ?먮쫫怨??붾㈃ 援ъ꽦??誘몃━ 湲고쉷?섎뒗 寃껋쓣 臾댁뾿?대씪 ?섎뒗媛?,?ㅽ넗由щ낫??8.?ㅻ궡嫄댁텞?ㅺ퀎 ?꾨젅?좏뀒?댁뀡,8.?ㅻ궡嫄댁텞?ㅺ퀎 ?꾨젅?좏뀒?댁뀡,P.12,Rocky
01-08-2009,"?꾨젅?좏뀒?댁뀡??紐⑹쟻 3媛吏???ㅻ뱷, ?뺣낫 ?쒓났, 洹몃━怨?臾댁뾿?멸??",援먯쑁,8.?ㅻ궡嫄댁텞?ㅺ퀎 ?꾨젅?좏뀒?댁뀡,P.4,Rocky
01-08-2010,"?꾨젅?좏뀒?댁뀡 湲고쉷 ??泥?쨷(?대씪?댁뼵?????깊뼢, 吏???섏?, 愿?ъ궗 ?깆쓣 誘몃━ ?뚯븙?섎뒗 寃껋쓣 臾댁뾿?대씪 ?섎뒗媛?",泥?쨷 遺꾩꽍,8.?ㅻ궡嫄댁텞?ㅺ퀎 ?꾨젅?좏뀒?댁뀡,"P.5, 57",Rocky
01-08-2011,"蹂듭옟???섏튂???듦퀎 ?먮즺瑜??쒕늿???뚯븘蹂닿린 ?쎄쾶 留됰?, ?? ???깆쓽 ?뺥깭濡??쒓컖?뷀븳 寃껋??",李⑦듃,8.?ㅻ궡嫄댁텞?ㅺ퀎 ?꾨젅?좏뀒?댁뀡,P.29,Rocky
01-08-2012,"?뺣낫(Information)? 洹몃옒??Graphic)???⑹꽦?대줈, 蹂듭옟???뺣낫瑜??쒓컖???대?吏濡??쒗쁽?섏뿬 ?쎄퀬 鍮좊Ⅴ寃??꾨떖?섎뒗 留ㅼ껜??",?명룷洹몃옒??8.?ㅻ궡嫄댁텞?ㅺ퀎 ?꾨젅?좏뀒?댁뀡,8.?ㅻ궡嫄댁텞?ㅺ퀎 ?꾨젅?좏뀒?댁뀡,P.32,Rocky
01-08-2013,"怨듦컙 援ъ꽦, ?숈꽑, 議곕떇 ???붿옄??媛쒕뀗???⑥닚???꾪삎?대굹 湲고샇濡??꾩떇?뷀븯???ㅻ챸?섎뒗 洹몃┝??",?ㅼ씠?닿렇??8.?ㅻ궡嫄댁텞?ㅺ퀎 ?꾨젅?좏뀒?댁뀡,8.?ㅻ궡嫄댁텞?ㅺ퀎 ?꾨젅?좏뀒?댁뀡,P.23,Rocky
01-08-2014,"?ы넗???깆뿉???ъ슜?섎뒗 ?대?吏 諛⑹떇?쇰줈, ?쎌?(???ㅼ씠 紐⑥뿬 ?대?吏瑜?援ъ꽦?섎ŉ ?뺣? ??源⑥쭚 ?꾩긽??諛쒖깮?섎뒗 諛⑹떇??",?섏뒪??(鍮꾪듃留?,8.?ㅻ궡嫄댁텞?ㅺ퀎 ?꾨젅?좏뀒?댁뀡,P.35,Rocky
01-08-2015,"?쇰윭?ㅽ듃?덉씠???깆뿉???ъ슜?섎뒗 ?대?吏 諛⑹떇?쇰줈, ?먭낵 ?좎쓽 ?섑븰???곗궛?쇰줈 ?대?吏瑜?援ъ꽦?섏뿬 ?뺣??대룄 源⑥?吏 ?딅뒗 諛⑹떇??",踰≫꽣,8.?ㅻ궡嫄댁텞?ㅺ퀎 ?꾨젅?좏뀒?댁뀡,P.36,Rocky
01-08-2016,"?ㅼ젣 ?ъ슜??留덇컧???섑뵆(??? 踰쎌?, ?⑤툕由?????吏곸젒 遺李⑺븯???ъ쭏媛먭낵 ?됱긽??蹂댁뿬二쇰뒗 蹂대뱶??",留덇컧??蹂대뱶,8.?ㅻ궡嫄댁텞?ㅺ퀎 ?꾨젅?좏뀒?댁뀡,P.40,Rocky
01-08-2017,"3D 紐⑤뜽留?寃곌낵臾쇱뿉 鍮? ?ъ쭏, 洹몃┝???④낵瑜??낇? ?ъ떎?곸씤 ?대?吏濡?留뚮뱶??怨쇱젙??",?뚮뜑留?8.?ㅻ궡嫄댁텞?ㅺ퀎 ?꾨젅?좏뀒?댁뀡,8.?ㅻ궡嫄댁텞?ㅺ퀎 ?꾨젅?좏뀒?댁뀡,P.48,Rocky
01-08-2018,"?꾨젅?좏뀒?댁뀡 ?⑤꼸?대굹 ?붾㈃ 援ъ꽦 ?? ?쒓컖???붿냼(?대?吏, ?띿뒪??瑜??④낵?곸쑝濡?諛곗튂?섎뒗 ?묒뾽??臾댁뾿?대씪 ?섎뒗媛?",?덉씠?꾩썐,8.?ㅻ궡嫄댁텞?ㅺ퀎 ?꾨젅?좏뀒?댁뀡,P.41,Rocky
01-08-2019,?쒓컖??媛뺤“瑜??꾪빐 諛앹? ?됯낵 ?대몢???됱쓣 ?鍮꾩떆耳?二쇰ぉ?깆쓣 ?믪씠??諛곗깋 湲곕쾿??,紐낅룄 ?鍮?8.?ㅻ궡嫄댁텞?ㅺ퀎 ?꾨젅?좏뀒?댁뀡,8.?ㅻ궡嫄댁텞?ㅺ퀎 ?꾨젅?좏뀒?댁뀡,P.24,Rocky
01-08-2020,?⑤꼸 援ъ꽦 ??媛??以묒슂???대?吏瑜??ш쾶 諛곗튂?섏뿬 ?쒖꽑??吏묒쨷?쒗궎???대?吏瑜?臾댁뾿?대씪 ?섎뒗媛?,硫붿씤 ?대?吏,8.?ㅻ궡嫄댁텞?ㅺ퀎 ?꾨젅?좏뀒?댁뀡,P.41,Rocky
01-08-2021,?뚯썙?ъ씤??PPT) ?몄뿉 以뚯씤/以뚯븘??Zoom In/Out) 湲곕뒫???쒖슜?섏뿬 ??룞?곸씤 ?꾨젅?좏뀒?댁뀡???쒖옉?????덈뒗 ?꾧뎄??,?꾨젅吏,8.?ㅻ궡嫄댁텞?ㅺ퀎 ?꾨젅?좏뀒?댁뀡,P.38,Rocky
01-08-2022,?됰㈃?곸씤 ?꾨㈃???쒓퀎瑜?蹂댁셿?섍퀬 怨듦컙媛먯쓣 ?낆껜?곸쑝濡?蹂댁뿬二쇨린 ?꾪빐 ?쒖옉?섎뒗 異뺤냼 紐⑦삎??,紐⑦삎,8.?ㅻ궡嫄댁텞?ㅺ퀎 ?꾨젅?좏뀒?댁뀡,P.39,Rocky
01-08-2023,"?꾨㈃?대굹 ?ㅼ?移섏뿉 留덉뭅, ?섏콈?? ?됱뿰???깆쓣 ?ъ슜?섏뿬 ?됱쓣 ?낇엳怨?遺꾩쐞湲곕? ?곗텧?섎뒗 ?묒뾽??",而щ윭留?8.?ㅻ궡嫄댁텞?ㅺ퀎 ?꾨젅?좏뀒?댁뀡,8.?ㅻ궡嫄댁텞?ㅺ퀎 ?꾨젅?좏뀒?댁뀡,P.46,Rocky
01-08-2024,"怨듦컙 諛곗튂? ?숈꽑, 媛援?諛곗튂 ?깆쓣 ?ㅻ챸?섍린 ?꾪븳 媛??湲곕낯???섎뒗 ?꾨㈃??",?됰㈃??8.?ㅻ궡嫄댁텞?ㅺ퀎 ?꾨젅?좏뀒?댁뀡,8.?ㅻ궡嫄댁텞?ㅺ퀎 ?꾨젅?좏뀒?댁뀡,P.23,Rocky
01-08-2025,怨듦컙???낆껜?곸씤 紐⑥뒿??蹂댁뿬二쇨린 ?꾪빐 1?뚯젏 ?먮뒗 2?뚯젏 ?먭렐踰뺤쓣 ?ъ슜?섏뿬 洹몃┛ 洹몃┝??,?ъ떆??8.?ㅻ궡嫄댁텞?ㅺ퀎 ?꾨젅?좏뀒?댁뀡,8.?ㅻ궡嫄댁텞?ㅺ퀎 ?꾨젅?좏뀒?댁뀡,P.45,Rocky
01-08-2026,諛쒗몴?먭? 泥?쨷怨?湲띿젙?곸씤 愿怨꾨? ?뺤꽦?섍퀬 ?좊ː瑜??산린 ?꾪빐 ?몃젰?섎뒗 ?щ━???곌껐 ?곹깭瑜?臾댁뾿?대씪 ?섎뒗媛? (?쇳룷 ?뺤꽦),?좊?媛?(援먭컧),8.?ㅻ궡嫄댁텞?ㅺ퀎 ?꾨젅?좏뀒?댁뀡,P.55,Rocky
01-08-2027,?꾨젅?좏뀒?댁뀡 諛쒗몴 ???깅뵳??臾몄뼱泥대낫?ㅻ뒗 ?먯뿰?ㅻ읇怨???뷀븯??씠 留먰븯??OOO瑜??ъ슜?섎뒗 寃껋씠 醫뗫떎.,援ъ뼱泥?8.?ㅻ궡嫄댁텞?ㅺ퀎 ?꾨젅?좏뀒?댁뀡,8.?ㅻ궡嫄댁텞?ㅺ퀎 ?꾨젅?좏뀒?댁뀡,P.61,Rocky
01-08-2028,諛쒗몴 以??뺥빐吏??쒓컙??以?섑븯湲??꾪빐 ?섏떆濡??뺤씤?댁빞 ?섎뒗 寃껋??,?쒓컙 泥댄겕,8.?ㅻ궡嫄댁텞?ㅺ퀎 ?꾨젅?좏뀒?댁뀡,P.56,Rocky
01-08-2029,"留먯쓽 ?댁슜??媛뺤“?섍굅??泥?쨷??吏묒쨷???좊룄?섍린 ?꾪빐 ?ъ슜?섎뒗 ?먯쭞, 紐몄쭞 ?깆쓣 ?듭묶?섎뒗 鍮꾩뼵?댁쟻 ?붿냼??",?쒖뒪泥?8.?ㅻ궡嫄댁텞?ㅺ퀎 ?꾨젅?좏뀒?댁뀡,8.?ㅻ궡嫄댁텞?ㅺ퀎 ?꾨젅?좏뀒?댁뀡,P.56,Rocky
01-08-1930,吏덉쓽?묐떟(Q&A) ?쒓컙??紐⑤Ⅴ??吏덈Ц??諛쏆븯????媛???곸젅???泥?諛⑸쾿?? (紐⑤Ⅴ??泥??섏뼱媛꾨떎 / ?붿쭅???몄젙?섍퀬 異뷀썑 ?듬??쒕떎),?붿쭅???몄젙,8.?ㅻ궡嫄댁텞?ㅺ퀎 ?꾨젅?좏뀒?댁뀡,P.58,Rocky
01-08-1931,"諛쒗몴?먭? ?덈Т 湲댁옣?섏뿬 ??怨노쭔 ?묒떆?섏? ?딄퀬, 泥?쨷 ?꾩껜瑜?怨④퀬猷?諛붾씪蹂대뒗 寃껋쓣 臾댁뾿?대씪 ?섎뒗媛?",?쒖꽑 遺꾩궛,8.?ㅻ궡嫄댁텞?ㅺ퀎 ?꾨젅?좏뀒?댁뀡,P.56,Rocky
01-08-1932,"諛쒗몴?먯쓽 ?몃え, 蹂듭옣, ?쒕룄 ?깆씠 泥?쨷?먭쾶 二쇰뒗 ?몄긽??愿由ы븯??寃껋쓣 臾댁뾿?대씪 ?섎뒗媛?",?대?吏 硫붿씠??8.?ㅻ궡嫄댁텞?ㅺ퀎 ?꾨젅?좏뀒?댁뀡,8.?ㅻ궡嫄댁텞?ㅺ퀎 ?꾨젅?좏뀒?댁뀡,P.57,Rocky
01-08-1933,紐⑹냼由ъ쓽 ?믩궙??????蹂?붾? 二쇱뼱 吏猷⑦븿???놁븷怨??꾨떖?μ쓣 ?믪씠???뚯꽦???붿냼??,?듭뼇,8.?ㅻ궡嫄댁텞?ㅺ퀎 ?꾨젅?좏뀒?댁뀡,P.61,Rocky
01-08-1934,諛쒗몴 ?쒖옉 ?꾩씠??珥덈컲??湲댁옣??遺꾩쐞湲곕? ?怨?泥?쨷??二쇱쓽瑜??섍린?쒗궎湲??꾪븳 媛踰쇱슫 ?댁빞湲곕굹 ?쒕룞??,?꾩씠??釉뚮젅?댄궧,8.?ㅻ궡嫄댁텞?ㅺ퀎 ?꾨젅?좏뀒?댁뀡,P.7,Rocky
01-08-1935,?꾨젅?좏뀒?댁뀡???듯빐 泥?쨷?먭쾶 諛섎뱶???꾨떖?섍퀬 湲곗뼲?쒖폒????媛??以묒슂??硫붿떆吏??,?듭떖 硫붿떆吏,8.?ㅻ궡嫄댁텞?ㅺ퀎 ?꾨젅?좏뀒?댁뀡,P.56,Rocky
01-08-1936,諛쒗몴 ???ㅼ젣 ?곹솴泥섎읆 ?쒕??덉씠?섑븯硫?臾몄젣?먯쓣 ?뚯븙?섍퀬 媛쒖꽑?섎뒗 怨쇱젙??臾댁뾿?대씪 ?섎뒗媛?,?곗뒿 (由ы뿀??,8.?ㅻ궡嫄댁텞?ㅺ퀎 ?꾨젅?좏뀒?댁뀡,P.56,Rocky
01-08-1937,諛쒗몴媛 ?앸궃 ???먯떊??諛쒗몴 ?곸긽??紐⑤땲?곕쭅?섍굅???숇즺??議곗뼵???ｋ뒗 怨쇱젙??臾댁뾿?대씪 ?섎뒗媛?,?쇰뱶諛?8.?ㅻ궡嫄댁텞?ㅺ퀎 ?꾨젅?좏뀒?댁뀡,8.?ㅻ궡嫄댁텞?ㅺ퀎 ?꾨젅?좏뀒?댁뀡,P.66,Rocky
01-08-1938,寃곕줎遺??癒쇱? 留먰븯怨?洹몄뿉 ???洹쇨굅瑜??ㅻ챸?섎뒗 留먰븯湲?諛⑹떇??臾댁뾿?대씪 ?섎뒗媛? (OO??援ъ꽦),?먭큵??8.?ㅻ궡嫄댁텞?ㅺ퀎 ?꾨젅?좏뀒?댁뀡,8.?ㅻ궡嫄댁텞?ㅺ퀎 ?꾨젅?좏뀒?댁뀡,P.7,Rocky
01-08-1939,?ㅼ젣 諛쒗몴 ?μ냼?먯꽌 湲곗옄??留덉씠?? ?꾨줈?앺꽣 ??瑜??먭??섍퀬 ?숈꽑???뺤씤?섎뒗 ?ъ쟾 以鍮?怨쇱젙??,由ы뿀??8.?ㅻ궡嫄댁텞?ㅺ퀎 ?꾨젅?좏뀒?댁뀡,8.?ㅻ궡嫄댁텞?ㅺ퀎 ?꾨젅?좏뀒?댁뀡,P.57,Rocky
01-08-1940,?쒖븞 ?꾨젅?좏뀒?댁뀡??沅곴레?곸씤 紐⑺몴???대씪?댁뼵?몃줈遺???꾨줈?앺듃瑜?OO?섎뒗 寃껋씠??,?섏＜ (紐⑺몴),8.?ㅻ궡嫄댁텞?ㅺ퀎 ?꾨젅?좏뀒?댁뀡,P.4,Rocky
